ref,reference_text,doi,doi_source,url,metadata_verdict,title_similarity,first_author_in_ref,year_in_ref,volume_in_ref,page_in_ref,crossref_title,crossref_year,crossref_volume,crossref_page,abstract_available
1,"C. Forman, I.K. Muritala, R. Pardemann, B. Meyer, Estimating the global waste heat potential, Renew. Sustain. Energy Rev. 57 (2016) 1568--1579. https://doi.org/10.1016/j.rser.2015.12.192",10.1016/j.rser.2015.12.192,printed,,match,1.0,True,True,True,True,Estimating the global waste heat potential,2016,57,1568-1579,False
2,"G.A. Slack, New materials and performance limits for thermoelectric cooling, in: D.M. Rowe (Ed.), CRC Handbook of Thermoelectrics, CRC Press, Boca Raton, 2018, pp. 407--440.",10.1201/9781420049718.ch34,found by search,,match,1.0,True,False,False,False,New Materials and Performance Limits for Thermoelectric Cooling,1995,,,True
3,"G.J. Snyder, E.S. Toberer, Complex thermoelectric materials, Nat. Mater. 7 (2008) 105--114.",10.1038/nmat2090,found by search,,match,1.0,True,True,True,True,Complex thermoelectric materials,2008,7,105-114,False
4,"K. Biswas, J. He, I.D. Blum, C.-I. Wu, T.P. Hogan, D.N. Seidman, V.P. Dravid, M.G. Kanatzidis, High-performance bulk thermoelectrics with all-scale hierarchical architectures, Nature 489 (2012) 414--418.",10.1038/nature11439,found by search,,match,1.0,True,True,True,True,High-performance bulk thermoelectrics with all-scale hierarchical architectures,2012,489,414-418,False
5,"B. Poudel, Q. Hao, Y. Ma, Y. Lan, A. Minnich, B. Yu, X. Yan, D. Wang, A. Muto, D. Vashaee, X. Chen, J. Liu, M.S. Dresselhaus, G. Chen, Z. Ren, High-thermoelectric performance of nanostructured bismuth antimony telluride bulk alloys, Science 320 (2008) 634--638.",10.1126/science.1156446,found by search,,match,1.0,True,True,True,True,High-Thermoelectric Performance of Nanostructured Bismuth Antimony Telluride Bulk Alloys,2008,320,634-638,True
6,"L.E. Bell, Cooling, heating, generating power, and recovering waste heat with thermoelectric systems, Science 321 (2008) 1457--1461.",10.1126/science.1158899,found by search,,match,1.0,True,True,True,True,"Cooling, Heating, Generating Power, and Recovering Waste Heat with Thermoelectric Systems",2008,321,1457-1461,True
7,"W. Lee, H. Li, A.B. Wong, D. Zhang, M. Lai, Y. Yu, Q. Kong, E. Lin, J.J. Urban, J.C. Grossman, P. Yang, Ultralow thermal conductivity in all-inorganic halide perovskites, Proc. Natl. Acad. Sci. U.S.A. 114 (2017) 8693--8697.",10.1073/pnas.1711744114,found by search,,match,1.0,True,True,True,True,Ultralow thermal conductivity in all-inorganic halide perovskites,2017,114,8693-8697,True
8,"Y. Li, X. Li, B. Wei, J. Liu, F. Pan, H. Wang, et al., Phonon coherence in bismuth-halide perovskite Cs~3~Bi~2~Br~9~ with ultralow thermal conductivity, Adv. Funct. Mater. 34 (2024) 2411152.",10.1002/adfm.202411152,checked by hand,,partial,0.57,True,True,True,True,"Phonon Coherence in Bismuth‐Halide Perovskite Cs
                    <sub>3</sub>
                    Bi
                    <sub>2</sub>
                    Br
                    <sub>9</sub>
                    With Ultralow Thermal Conductivity",2024,34,2411152,True
9,"C.C. Stoumpos, C.D. Malliakas, M.G. Kanatzidis, Semiconducting tin and lead iodide perovskites with organic cations: phase transitions, high mobilities, and near-infrared photoluminescent properties, Inorg. Chem. 52 (2013) 9019--9038.",10.1021/ic401215x,found by search,,match,1.0,True,True,True,True,"Semiconducting Tin and Lead Iodide Perovskites with Organic Cations: Phase Transitions, High Mobilities, and Near-Infrared Photoluminescent Properties",2013,52,9019-9038,True
10,"S. Ohta, T. Nomura, H. Ohta, K. Koumoto, High-temperature carrier transport and thermoelectric properties of heavily La- or Nb-doped SrTiO~3~ single crystals, J. Appl. Phys. 97 (2005) 034106.",10.1063/1.1847723,found by search,,match,0.9,True,True,True,True,High-temperature carrier transport and thermoelectric properties of heavily La- or Nb-doped SrTiO3 single crystals,2005,97,034106,True
11,"W. Li, J. Carrete, N.A. Katcho, N. Mingo, ShengBTE: A solver of the Boltzmann transport equation for phonons, Comput. Phys. Commun. 185 (2014) 1747--1758.",10.1016/j.cpc.2014.02.015,found by search,,match,1.0,True,True,True,True,ShengBTE: A solver of the Boltzmann transport equation for phonons,2014,185,1747-1758,False
12,"N. Parse, J. Recatala-Gomez, R. Zhu, A.K. Low, K. Hippalgaonkar, T. Mato, et al., Predicting high-performance thermoelectric materials with StarryData2, Adv. Theory Simul. 7 (2024) 2400308.",10.1002/adts.202400308,found by search,,match,1.0,True,True,True,True,Predicting High‐Performance Thermoelectric Materials With StarryData2,2024,7,2400308,True
13,"X. Jia, A. Aziz, Y. Hashimoto, H. Li, Dealing with the big data challenges in AI for thermoelectric materials, Sci. China Mater. 67 (2024) 1173--1182. https://doi.org/10.1007/s40843-023-2777-2",10.1007/s40843-023-2777-2,printed,,match,1.0,True,True,True,True,Dealing with the big data challenges in AI for thermoelectric materials 应对热电材料人工智能领域的大数据挑战,2024,67,1173-1182,False
14,"Y. Sun, X. Chen, J. Gao, W. Zhu, M. Pan, Rationally design thermoelectric materials based on ingenious machine learning methods, Adv. Electron. Mater. 11 (2025) 2500210. https://doi.org/10.1002/aelm.202500210",10.1002/aelm.202500210,printed,,match,1.0,True,True,True,True,Rationally Design Thermoelectric Materials Based on Ingenious Machine Learning Methods,2025,11,2500210,True
15,"S. Kapoor, A. Narayanan, Leakage and the reproducibility crisis in machine-learning-based science, Patterns 4 (2023) 100804.",10.1016/j.patter.2023.100804,found by search,,match,1.0,True,True,True,True,Leakage and the reproducibility crisis in machine-learning-based science,2023,4,100804,True
16,"B. Meredig, E. Antono, C. Church, M. Hutchinson, J. Ling, S. Paradiso, et al., Can machine learning identify the next high-temperature superconductor? Examining extrapolation performance for materials discovery, Mol. Syst. Des. Eng. 3 (2018) 819--825.",10.1039/c8me00012c,found by search,,match,1.0,True,True,True,True,Can machine learning identify the next high-temperature superconductor? Examining extrapolation performance for materials discovery,2018,3,819-825,True
17,"D.M. Rowe (Ed.), Thermoelectrics Handbook: Macro to Nano, CRC Press, Boca Raton, 2005.",10.1201/9781420038903,checked by hand,,partial,1.0,False,False,False,False,Thermoelectrics Handbook,2018,,,True
18,"H.J. Goldsmid, Introduction to Thermoelectricity, Springer Series in Materials Science, vol. 121, Springer, Berlin, 2010.",10.1007/978-3-642-00716-3,found by search,,match,1.0,True,True,False,False,Introduction to Thermoelectricity,2010,,,False
19,"Y. Pei, X. Shi, A. LaLonde, H. Wang, L. Chen, G.J. Snyder, Convergence of electronic bands for high performance bulk thermoelectrics, Nature 473 (2011) 66--69.",10.1038/nature09996,found by search,,match,1.0,True,True,True,True,Convergence of electronic bands for high performance bulk thermoelectrics,2011,473,66-69,False
20,"L.-D. Zhao, S.-H. Lo, Y. Zhang, H. Sun, G. Tan, C. Uher, C. Wolverton, V.P. Dravid, M.G. Kanatzidis, Ultralow thermal conductivity and high thermoelectric figure of merit in SnSe crystals, Nature 508 (2014) 373--377.",10.1038/nature13184,found by search,,match,1.0,True,True,True,True,Ultralow thermal conductivity and high thermoelectric figure of merit in SnSe crystals,2014,508,373-377,False
21,"V.M. Goldschmidt, Die Gesetze der Krystallochemie, Naturwissenschaften 14 (1926) 477--485.",10.1007/bf01507527,found by search,,match,1.0,True,True,True,True,Die Gesetze der Krystallochemie,1926,14,477-485,False
22,"C.J. Bartel, C. Sutton, B.R. Goldsmith, R. Ouyang, C.B. Musgrave, L.M. Ghiringhelli, M. Scheffler, New tolerance factor to predict the stability of perovskite oxides and halides, Sci. Adv. 5 (2019) eaav0693.",10.1126/sciadv.aav0693,found by search,,match,1.0,True,True,True,True,New tolerance factor to predict the stability of perovskite oxides and halides,2019,5,eaav0693,True
23,"D. Flahaut, R. Funahashi, K. Lee, H. Ohta, K. Koumoto, Effect of the Yb substitutions on the thermoelectric properties of CaMnO~3~, in: Proc. 25th Int. Conf. Thermoelectrics (ICT 2006), IEEE, 2006.",10.1109/ict.2006.331291,found by search,,match,0.8,True,True,False,False,Effect of the Yb substitutions on the thermoelectric properties of CaMnO3,2006,,103-106,True
24,"J. Androulakis, P. Migiakis, J. Giapintzakis, La~0~.~95~Sr~0~.~05~CoO~3~: An efficient room-temperature thermoelectric oxide, Appl. Phys. Lett. 84 (2004) 1099--1101.",10.1063/1.1647686,found by search,,match,1.0,True,True,True,True,"La
                  0.95
                Sr
                  0.05
                CoO
                  3
              :
           An efficient room-temperature thermoelectric oxide",2004,84,1099-1101,True
25,"H. Xie, S. Hao, J. Bao, T.J. Slade, G.J. Snyder, C. Wolverton, M.G. Kanatzidis, All-inorganic halide perovskites as potential thermoelectric materials: dynamic cation off-centering induces ultralow thermal conductivity, J. Am. Chem. Soc. 142 (2020) 9553--9563.",10.1021/jacs.0c03427,found by search,,match,1.0,True,True,True,True,All-Inorganic Halide Perovskites as Potential Thermoelectric Materials: Dynamic Cation off-Centering Induces Ultralow Thermal Conductivity,2020,142,9553-9563,True
26,"K.V. Sopiha, C. Comparotto, J.A. Márquez, J.J.S. Scragg, Chalcogenide perovskites: tantalizing prospects, challenging materials, Adv. Opt. Mater. 10 (2022) 2101704.",10.1002/adom.202101704,found by search,,match,1.0,True,False,True,True,"Chalcogenide Perovskites: Tantalizing Prospects, Challenging Materials",2021,10,2101704,True
27,"G. Kresse, J. Furthmüller, Efficient iterative schemes for ab initio total-energy calculations using a plane-wave basis set, Phys. Rev. B 54 (1996) 11169--11186.",10.1103/physrevb.54.11169,found by search,,match,1.0,True,True,True,True,"Efficient iterative schemes for
                    <i>ab initio</i>
                    total-energy calculations using a plane-wave basis set",1996,54,11169-11186,True
28,"P. Giannozzi, S. Baroni, N. Bonini, M. Calandra, R. Car, C. Cavazzoni, et al., QUANTUM ESPRESSO: a modular and open-source software project for quantum simulations of materials, J. Phys.: Condens. Matter 21 (2009) 395502.",10.1088/0953-8984/21/39/395502,found by search,,match,1.0,True,True,True,True,QUANTUM ESPRESSO: a modular and open-source software project for quantum simulations of materials,2009,21,395502,True
29,"G.K.H. Madsen, D.J. Singh, BoltzTraP. A code for calculating band-structure dependent quantities, Comput. Phys. Commun. 175 (2006) 67--71.",10.1016/j.cpc.2006.03.007,found by search,,match,1.0,True,True,True,True,BoltzTraP. A code for calculating band-structure dependent quantities,2006,175,67-71,False
30,"Y. Katsura, M. Kumagai, T. Kodani, M. Kaneshige, Y. Ando, S. Gunji, et al., Data-driven analysis of electron relaxation times in PbTe-type thermoelectric materials, Sci. Technol. Adv. Mater. 20 (2019) 511--520.",10.1080/14686996.2019.1603885,found by search,,match,1.0,True,True,True,True,Data-driven analysis of electron relaxation times in PbTe-type thermoelectric materials,2019,20,511-520,True
31,"A. Jain, S.P. Ong, G. Hautier, W. Chen, W.D. Richards, S. Dacek, et al., Commentary: The Materials Project: A materials genome approach to accelerating materials innovation, APL Mater. 1 (2013) 011002.",10.1063/1.4812323,found by search,,match,1.0,True,True,True,True,Commentary: The Materials Project: A materials genome approach to accelerating materials innovation,2013,1,011002,True
32,"G.S. Na, H. Chang, A public database of thermoelectric materials and system-identified material representation for data-driven discovery, npj Comput. Mater. 8 (2022) 214. https://doi.org/10.1038/s41524-022-00897-2",10.1038/s41524-022-00897-2,printed,,match,1.0,True,True,True,True,A public database of thermoelectric materials and system-identified material representation for data-driven discovery,2022,8,214,True
33,"K. Choudhary, K.F. Garrity, A.C.E. Reid, B. DeCost, A.J. Biacchi, A.R. Hight Walker, et al., The joint automated repository for various integrated simulations (JARVIS) for data-driven materials design, npj Comput. Mater. 6 (2020) 173.",10.1038/s41524-020-00440-1,found by search,,match,1.0,True,True,True,True,The joint automated repository for various integrated simulations (JARVIS) for data-driven materials design,2020,6,173,True
34,"T. Xie, J.C. Grossman, Crystal graph convolutional neural networks for an accurate and interpretable prediction of material properties, Phys. Rev. Lett. 120 (2018) 145301.",10.1103/physrevlett.120.145301,found by search,,match,1.0,True,True,True,True,Crystal Graph Convolutional Neural Networks for an Accurate and Interpretable Prediction of Material Properties,2018,120,145301,True
35,"C.T. Ma, S.J. Poon, Reexamining machine learning models on predicting thermoelectric properties, arXiv preprint arXiv:2509.00299, 2025.",10.48550/arXiv.2509.00299,checked by hand,,match,1.0,True,True,False,False,Reexamining Machine Learning Models on Predicting Thermoelectric Properties,2025,,,True
36,"N.K. Barua, S. Lee, A.O. Oliynyk, H. Kleinke, Thermoelectric material performance (zT) predictions with machine learning, ACS Appl. Mater. Interfaces 17 (2025) 1662--1673.",10.1021/acsami.4c19149,found by search,,match,1.0,True,False,True,True,Thermoelectric Material Performance (<i>zT</i>) Predictions with Machine Learning,2024,17,1662-1673,True
37,"Y. Wang, C. Zhong, J. Zhang, H. Yao, J. Chen, X. Lin, High-performance stacking ensemble learning for thermoelectric figure-of-merit prediction, Mater. Des. 249 (2025) 113552.",10.1016/j.matdes.2024.113552,found by search,,match,1.0,True,True,True,True,High-Performance stacking ensemble learning for thermoelectric figure-of-merit prediction,2025,249,113552,True
38,"V.K. Elavunkel, P. Padhan, Unlocking thermoelectric potential: a machine learning stacking approach for half-Heusler alloys, ACS Appl. Energy Mater. 8 (2025) 15241--15257.",10.1021/acsaem.5c02223,found by search,,match,1.0,True,True,True,True,Unlocking Thermoelectric Potential: A Machine Learning Stacking Approach for Half-Heusler Alloys,2025,8,15241-15257,True
39,"L. Ward, A. Agrawal, A. Choudhary, C. Wolverton, A general-purpose machine learning framework for predicting properties of inorganic materials, npj Comput. Mater. 2 (2016) 16028.",10.1038/npjcompumats.2016.28,found by search,,match,1.0,True,True,True,True,A general-purpose machine learning framework for predicting properties of inorganic materials,2016,2,16028,True
40,"A.O. Oliynyk, E. Antono, T.D. Sparks, L. Ghadbeigi, M.W. Gaultois, B. Meredig, A. Mar, High-throughput machine-learning-driven synthesis of full-Heusler compounds, Chem. Mater. 28 (2016) 7324--7331.",10.1021/acs.chemmater.6b02724,found by search,,match,1.0,True,True,True,True,High-Throughput Machine-Learning-Driven Synthesis of Full-Heusler Compounds,2016,28,7324-7331,True
41,"S. Tamura, Isotope scattering of dispersive phonons in Ge, Phys. Rev. B 27 (1983) 858--866.",10.1103/physrevb.27.858,found by search,,match,1.0,True,True,True,True,Isotope scattering of dispersive phonons in Ge,1983,27,858-866,True
42,"T. Hastie, R. Tibshirani, J. Friedman, The Elements of Statistical Learning: Data Mining, Inference, and Prediction, 2nd ed., Springer, New York, 2009.",10.1007/978-0-387-84858-7,checked by hand,,match,1.0,True,True,False,False,The Elements of Statistical Learning,2009,,,True
43,"D.R. Roberts, V. Bahn, S. Ciuti, M.S. Boyce, J. Elith, G. Guillera-Arroita, et al., Cross-validation strategies for data with temporal, spatial, hierarchical, or phylogenetic structure, Ecography 40 (2017) 913--929.",10.1111/ecog.02881,found by search,,match,1.0,True,True,True,True,"Cross‐validation strategies for data with temporal, spatial, hierarchical, or phylogenetic structure",2017,40,913-929,True
44,"Z. Xiong, Y. Cui, Z. Liu, Y. Zhao, M. Hu, J. Hu, Evaluating explorative prediction power of machine learning algorithms for materials discovery using k-fold forward cross-validation, Comput. Mater. Sci. 171 (2020) 109203.",10.1016/j.commatsci.2019.109203,checked by hand,,partial,0.38,True,True,True,True,"Evaluating explorative prediction power of machine learning algorithms for materials discovery using
                    <mml:math xmlns:mml=""http://www.w3.org/1998/Math/MathML"" altimg=""si1.svg"">
                      <mml:mrow>
                        <mml:mi>k</mml:mi>
                      </mml:mrow>
                    </mml:math>
                    -fold forward cross-validation",2020,171,109203,False
45,"K. Li, B. DeCost, K. Choudhary, M. Greenwood, J. Hattrick-Simpers, A critical examination of robustness and generalizability of machine learning prediction of materials properties, npj Comput. Mater. 9 (2023) 55.",10.1038/s41524-023-01012-9,found by search,,match,1.0,True,True,True,True,A critical examination of robustness and generalizability of machine learning prediction of materials properties,2023,9,55,True
46,"S.M. Lundberg, S.-I. Lee, A unified approach to interpreting model predictions, in: Advances in Neural Information Processing Systems 30 (NIPS 2017), 2017, pp. 4765--4774.",10.48550/arXiv.1705.07874,checked by hand,,match,1.0,True,True,False,False,A Unified Approach to Interpreting Model Predictions,2017,,,True
47,"M.T. Ribeiro, S. Singh, C. Guestrin, ""Why should I trust you?"" Explaining the predictions of any classifier, in: Proc. 22nd ACM SIGKDD Int. Conf. Knowledge Discovery and Data Mining, ACM, 2016, pp. 1135--1144.",10.1145/2939672.2939778,found by search,,match,1.0,True,True,False,True,"""Why Should I Trust You?""",2016,,1135-1144,True
48,"D.G. Cahill, S.K. Watson, R.O. Pohl, Lower limit to the thermal conductivity of disordered crystals, Phys. Rev. B 46 (1992) 6131--6140.",10.1103/physrevb.46.6131,found by search,,match,1.0,True,True,True,True,Lower limit to the thermal conductivity of disordered crystals,1992,46,6131-6140,True
49,"S.P. Ong, W.D. Richards, A. Jain, G. Hautier, M. Kocher, S. Cholia, et al., Python Materials Genomics (pymatgen): A robust, open-source python library for materials analysis, Comput. Mater. Sci. 68 (2013) 314--319.",10.1016/j.commatsci.2012.10.028,found by search,,match,1.0,True,True,True,True,"Python Materials Genomics (pymatgen): A robust, open-source python library for materials analysis",2013,68,314-319,False
50,"C. Leys, C. Ley, O. Klein, P. Bernard, L. Licata, Detecting outliers: Do not use standard deviation around the mean, use absolute deviation around the median, J. Exp. Soc. Psychol. 49 (2013) 764--766.",10.1016/j.jesp.2013.03.013,found by search,,match,1.0,True,True,True,True,"Detecting outliers: Do not use standard deviation around the mean, use absolute deviation around the median",2013,49,764-766,False
51,"L. Ward, A. Dunn, A. Faghaninia, N.E.R. Zimmermann, S. Bajaj, Q. Wang, et al., Matminer: An open source toolkit for materials data mining, Comput. Mater. Sci. 152 (2018) 60--69.",10.1016/j.commatsci.2018.05.018,found by search,,match,1.0,True,True,True,True,Matminer: An open source toolkit for materials data mining,2018,152,60-69,False
52,"T. Chen, C. Guestrin, XGBoost: A scalable tree boosting system, in: Proc. 22nd ACM SIGKDD Int. Conf. Knowledge Discovery and Data Mining, ACM, 2016, pp. 785--794.",10.1145/2939672.2939785,found by search,,match,1.0,True,True,False,True,XGBoost,2016,,785-794,True
53,"G. Ke, Q. Meng, T. Finley, T. Wang, W. Chen, W. Ma, Q. Ye, T.-Y. Liu, LightGBM: A highly efficient gradient boosting decision tree, in: Advances in Neural Information Processing Systems 30 (NIPS 2017), 2017, pp. 3146--3154.",,publisher page,https://proceedings.neurips.cc/paper_files/paper/2017/hash/6449f44a102fde848669bdd9eb6b76fa-Abstract.html,match,,,,,,,,,,False
54,"L. Breiman, Random forests, Mach. Learn. 45 (2001) 5--32.",10.1023/a:1010933404324,found by search,,match,1.0,True,True,True,True,Random Forests,2001,45,5-32,False
55,"F. Pedregosa, G. Varoquaux, A. Gramfort, V. Michel, B. Thirion, O. Grisel, et al., Scikit-learn: Machine learning in Python, J. Mach. Learn. Res. 12 (2011) 2825--2830.",,publisher page,https://www.jmlr.org/papers/v12/pedregosa11a.html,match,,,,,,,,,,False
56,"G.C. Cawley, N.L.C. Talbot, On over-fitting in model selection and subsequent selection bias in performance evaluation, J. Mach. Learn. Res. 11 (2010) 2079--2107.",,publisher page,https://www.jmlr.org/papers/v11/cawley10a.html,match,,,,,,,,,,False
57,"S. Varma, R. Simon, Bias in error estimation when using cross-validation for model selection, BMC Bioinformatics 7 (2006) 91.",10.1186/1471-2105-7-91,found by search,,match,1.0,True,True,True,True,Bias in error estimation when using cross-validation for model selection,2006,7,91,True
58,"P. Borlido, T. Aull, A.W. Huran, F. Tran, M.A.L. Marques, S. Botti, Large-scale benchmark of exchange--correlation functionals for the determination of electronic band gaps of solids, J. Chem. Theory Comput. 15 (2019) 5069--5079.",10.1021/acs.jctc.9b00322,found by search,,match,1.0,True,True,True,True,"Large-Scale Benchmark of Exchange–Correlation
Functionals for the Determination of Electronic Band Gaps of Solids",2019,15,5069-5079,True
59,"N. Kanas, B.A.D. Williamson, F. Steinbach, R. Hinterding, M.-A. Einarsrud, S.M. Selbach, et al., Tuning the thermoelectric performance of CaMnO~3~-based ceramics by controlled exsolution and microstructuring, ACS Appl. Energy Mater. 5 (2022) 12396--12407.",10.1021/acsaem.2c02012,checked by hand,,match,0.8,True,True,True,True,Tuning the Thermoelectric Performance of CaMnO<sub>3</sub>-Based Ceramics by Controlled Exsolution and Microstructuring,2022,5,12396-12407,True
60,"U. Hira, L. Han, K. Norrman, D.V. Christensen, N. Pryds, F. Sher, High-temperature thermoelectric properties of Na- and W-doped Ca~3~Co~4~O~9~ system, RSC Adv. 8 (2018) 12211--12221.",10.1039/c8ra01691g,checked by hand,,partial,0.45,True,True,True,True,"High-temperature thermoelectric properties of Na- and W-Doped Ca
                    <sub>3</sub>
                    Co
                    <sub>4</sub>
                    O
                    <sub>9</sub>
                    system",2018,8,12211-12221,True
61,"G. Shafer, V. Vovk, A tutorial on conformal prediction, J. Mach. Learn. Res. 9 (2008) 371--421.",,publisher page,https://www.jmlr.org/papers/v9/shafer08a.html,match,,,,,,,,,,False
62,"C. Chen, W. Ye, Y. Zuo, C. Zheng, S.P. Ong, Graph networks as a universal machine learning framework for molecules and crystals, Chem. Mater. 31 (2019) 3564--3572.",10.1021/acs.chemmater.9b01294,found by search,,match,1.0,True,True,True,True,Graph Networks as a Universal Machine Learning Framework for Molecules and Crystals,2019,31,3564-3572,True
