n,line,section,token,class,group,source,action,sentence
1,29,1 Introduction,72%,CIT,L01,forman2016estimating.pdf (10.1016/j.rser.2015.12.192): 72% of primary energy lost,PENDING_PDF; fallback: 'a large share of primary energy is lost as waste heat',"It has been estimated that approximately 72% of global primary energy consumption is lost after conversion, largely as low-grade heat from combustion engines, industrial furnaces and power plants [@forman2016estimating]."
2,39,1 Introduction,2,CIT,L02,biswas2012performance.pdf (10.1038/nature11439): PbTe zT about 2,PENDING_PDF; fallback: no number,"Lead telluride (PbTe) and its alloys exhibit zT values as high as ≈2 at optimized compositions [@biswas2012performance], but their use is increasingly constrained by environmental and regulatory concerns."
3,39,1 Introduction,1.0,CIT,L03,"poudel2008thermoelectric.pdf, bell2008cooling.pdf: Bi2Te3 zT 1.0 to 1.4",PENDING_PDF; fallback: 'zT of order one',"Bismuth telluride (Bi~2~Te~3~), with zT ≈ 1.0--1.4, dominates near-room-temperature applications [@poudel2008thermoelectric], while silicon--germanium alloys serve high-temperature applications."
4,39,1 Introduction,1.4,CIT,L03,"poudel2008thermoelectric.pdf, bell2008cooling.pdf: Bi2Te3 zT 1.0 to 1.4",PENDING_PDF; fallback: 'zT of order one',"Bismuth telluride (Bi~2~Te~3~), with zT ≈ 1.0--1.4, dominates near-room-temperature applications [@poudel2008thermoelectric], while silicon--germanium alloys serve high-temperature applications."
5,43,1 Introduction,0.2,CIT,L05,"flahaut2006.pdf (10.1109/ict.2006.331291): CaMnO3 zT 0.2 at 1000 K, S about -350, zT below 0.1",PENDING_PDF (IEEE conference paper),"Oxide perovskites including SrTiO~3~, CaMnO~3~ and LaCoO~3~ have been investigated for high-temperature applications, with doped compositions reaching zT of ≈0.2 (Yb-doped CaMnO~3~ at 1000 K [@flahaut2006effect]) and 0.18 at room temperature (La~0.95~Sr~0.05~CoO~3~ [@androulakis2004coo])."
6,43,1 Introduction,1000,CIT,L05,"flahaut2006.pdf (10.1109/ict.2006.331291): CaMnO3 zT 0.2 at 1000 K, S about -350, zT below 0.1",PENDING_PDF (IEEE conference paper),"Oxide perovskites including SrTiO~3~, CaMnO~3~ and LaCoO~3~ have been investigated for high-temperature applications, with doped compositions reaching zT of ≈0.2 (Yb-doped CaMnO~3~ at 1000 K [@flahaut2006effect]) and 0.18 at room temperature (La~0.95~Sr~0.05~CoO~3~ [@androulakis2004coo])."
7,45,1 Introduction,0.815,CIT,L08,parse2024predicting.pdf (10.1002/adts.202400308): R2 0.815,PENDING_PDF,"Density functional theory (DFT) coupled with the Boltzmann transport equation (BTE) provides a rigorous framework to predict thermoelectric properties. However, a full transport calculation for a single complex crystal may require weeks of supercomputer time [@li2014shengbte], rendering high-through"
8,45,1 Introduction,0.90,CIT,L09,"jia2024dealing.pdf (10.1007/s40843-023-2777-2): R2 0.89 to 0.90, 92,000 entries","PENDING_PDF; fallback: 'proposes composition-based cross-validation' (abstract, verified 2026-09-24)","Density functional theory (DFT) coupled with the Boltzmann transport equation (BTE) provides a rigorous framework to predict thermoelectric properties. However, a full transport calculation for a single complex crystal may require weeks of supercomputer time [@li2014shengbte], rendering high-through"
9,45,1 Introduction,0.90,CIT,L10,"sun2025rationally.pdf (10.1002/aelm.202500210): R2 0.95 training, 0.90 test",PENDING_PDF,"Density functional theory (DFT) coupled with the Boltzmann transport equation (BTE) provides a rigorous framework to predict thermoelectric properties. However, a full transport calculation for a single complex crystal may require weeks of supercomputer time [@li2014shengbte], rendering high-through"
10,69,2.1 Thermoelectric fundamentals,1821,CIT,L23,rowe2018thermoelectrics / goldsmid2010introduction: Seebeck 1821 (book page),awaits a book page; fallback: drop the year,"In 1821 Thomas Johann Seebeck discovered that a temperature difference across a junction of two dissimilar conductors creates an electric voltage. The magnitude of this voltage per unit temperature difference is the Seebeck coefficient (S, *µ*V K^−1^). A thermoelectric generator directly converts a "
11,83,2.1 Thermoelectric fundamentals,10^19^,CIT,L20,snyder2008complex.pdf (10.1038/nmat2090): optimum carrier concentration about 1e19 to 1e20 cm^-3,PENDING_PDF; fallback: remove the number,The figure of merit (zT) reaches its maximum at an optimum carrier concentration of ≈10^19^--10^20^ cm^−3^.
12,83,2.1 Thermoelectric fundamentals,10^20^,CIT,L20,snyder2008complex.pdf (10.1038/nmat2090): optimum carrier concentration about 1e19 to 1e20 cm^-3,PENDING_PDF; fallback: remove the number,The figure of merit (zT) reaches its maximum at an optimum carrier concentration of ≈10^19^--10^20^ cm^−3^.
13,89,2.2 Perovskite thermoelectric materials,3,LAB,notation,space-group symbol Pm-3m,audit rule: space-group symbols,The ideal cubic structure (space group *Pm*3̄*m*) consists of corner-sharing BX~6~ octahedra with the A cation in the cuboctahedral void (Fig.
14,99,2.2 Perovskite thermoelectric materials,−700,CIT,L07,"ohta2005.pdf (10.1063/1.1847723): SrTiO3 S about -700 uV/K at 300 K, kappa 10 to 12, zT below 0.01",PENDING_PDF,"Undoped SrTiO~3~ has a large Seebeck coefficient (≈ −700 *µ*V K^−1^ at 300 K) but negligible electrical conductivity and high thermal conductivity (10--12 W m^−1^ K^−1^), giving zT below 0.01."
15,99,2.2 Perovskite thermoelectric materials,300,CIT,L07,"ohta2005.pdf (10.1063/1.1847723): SrTiO3 S about -700 uV/K at 300 K, kappa 10 to 12, zT below 0.01",PENDING_PDF,"Undoped SrTiO~3~ has a large Seebeck coefficient (≈ −700 *µ*V K^−1^ at 300 K) but negligible electrical conductivity and high thermal conductivity (10--12 W m^−1^ K^−1^), giving zT below 0.01."
16,99,2.2 Perovskite thermoelectric materials,10,CIT,L07,"ohta2005.pdf (10.1063/1.1847723): SrTiO3 S about -700 uV/K at 300 K, kappa 10 to 12, zT below 0.01",PENDING_PDF,"Undoped SrTiO~3~ has a large Seebeck coefficient (≈ −700 *µ*V K^−1^ at 300 K) but negligible electrical conductivity and high thermal conductivity (10--12 W m^−1^ K^−1^), giving zT below 0.01."
17,99,2.2 Perovskite thermoelectric materials,12,CIT,L07,"ohta2005.pdf (10.1063/1.1847723): SrTiO3 S about -700 uV/K at 300 K, kappa 10 to 12, zT below 0.01",PENDING_PDF,"Undoped SrTiO~3~ has a large Seebeck coefficient (≈ −700 *µ*V K^−1^ at 300 K) but negligible electrical conductivity and high thermal conductivity (10--12 W m^−1^ K^−1^), giving zT below 0.01."
18,99,2.2 Perovskite thermoelectric materials,0.01,CIT,L07,"ohta2005.pdf (10.1063/1.1847723): SrTiO3 S about -700 uV/K at 300 K, kappa 10 to 12, zT below 0.01",PENDING_PDF,"Undoped SrTiO~3~ has a large Seebeck coefficient (≈ −700 *µ*V K^−1^ at 300 K) but negligible electrical conductivity and high thermal conductivity (10--12 W m^−1^ K^−1^), giving zT below 0.01."
19,99,2.2 Perovskite thermoelectric materials,−350,CIT,L05,"flahaut2006.pdf (10.1109/ict.2006.331291): CaMnO3 zT 0.2 at 1000 K, S about -350, zT below 0.1",PENDING_PDF (IEEE conference paper),*Oxide perovskites.* Oxide perovskites have been studied as thermoelectrics owing to their chemical stability at high temperature and the abundance of their constituent elements. Undoped SrTiO~3~ has a large Seebeck coefficient (≈ −700 *µ*V K^−1^ at 300 K) but negligible electrical conductivity and 
20,99,2.2 Perovskite thermoelectric materials,0.1,CIT,L05,"flahaut2006.pdf (10.1109/ict.2006.331291): CaMnO3 zT 0.2 at 1000 K, S about -350, zT below 0.1",PENDING_PDF (IEEE conference paper),*Oxide perovskites.* Oxide perovskites have been studied as thermoelectrics owing to their chemical stability at high temperature and the abundance of their constituent elements. Undoped SrTiO~3~ has a large Seebeck coefficient (≈ −700 *µ*V K^−1^ at 300 K) but negligible electrical conductivity and 
21,99,2.2 Perovskite thermoelectric materials,0.2,CIT,L05,flahaut2006.pdf only if it states 'up to 0.2' for Dy/Y/Nd/Yb on the Ca site; the sentence carries no citation,AT RISK: add the citation or remove the number,"rare-earth substitution on the Ca site (Dy, Y, Nd, Yb) raises the carrier concentration and zT up to ≈0.2."
22,99,2.2 Perovskite thermoelectric materials,200,NONE,L06,androulakis2004coo: the S range 200 to 600 uV/K was not found in the only readable version (arXiv preprint),remove: 'with large Seebeck coefficients',"LaCoO~3~ and its Sr-doped derivatives are p-type, with S of 200--600 *µ*V K^−1^ but modest zT [@androulakis2004coo]."
23,99,2.2 Perovskite thermoelectric materials,600,NONE,L06,androulakis2004coo: the S range 200 to 600 uV/K was not found in the only readable version (arXiv preprint),remove: 'with large Seebeck coefficients',"LaCoO~3~ and its Sr-doped derivatives are p-type, with S of 200--600 *µ*V K^−1^ but modest zT [@androulakis2004coo]."
24,101,2.2 Perovskite thermoelectric materials,0.5,CIT,L04,"lee2017ultralow.pdf, xie2020all.pdf, stoumpos2013semiconducting.pdf: halide perovskite kappa_L below 0.5 W/mK",PENDING_PDF,"CsSnI~3~ and related all-inorganic halides exhibit lattice thermal conductivity below 0.5 W m^−1^ K^−1^ arising from soft, anharmonic vibrations and cation rattling in the halide cage [@lee2017ultralow; @xie2020all], but experimental validation of high zT has been limited by the instability of tin-based compounds under ambient conditions [@stoumpos2013semiconducting]."
25,109,2.3 Computational methods and materials databases,2,CIT,L17,katsura2019datadriven.pdf (10.1080/14686996.2019.1603885): digitization uncertainty 2 to 5%,PENDING_PDF; fallback: 'digitization uncertainty',"Known limitations include digitization uncertainty (typically 2--5%), inter-laboratory variability for the same nominal composition and occasional unlabeled computational data."
26,109,2.3 Computational methods and materials databases,5%,CIT,L17,katsura2019datadriven.pdf (10.1080/14686996.2019.1603885): digitization uncertainty 2 to 5%,PENDING_PDF; fallback: 'digitization uncertainty',"Known limitations include digitization uncertainty (typically 2--5%), inter-laboratory variability for the same nominal composition and occasional unlabeled computational data."
27,109,2.3 Computational methods and materials databases,"150,000",CIT,L16,jain2013commentary.pdf (10.1063/1.4812323): number of compounds; grows with time,"PENDING_PDF; fallback: this study's own query count (generated, NA11)","The *Materials Project* provides DFT-computed crystal structures, formation energies, energies above the convex hull and band gaps for over 150,000 inorganic compounds via a REST API [@jain2013commentary], but transport coefficients are not available for most entries."
28,109,2.3 Computational methods and materials databases,"5,205",CIT,L15,"na2022public.pdf (10.1038/s41524-022-00897-2): 5,205 observations, 880 materials",PENDING_PDF,"The ESTM (Experimentally Synthesized Thermoelectric Materials) database curated at the Korea Research Institute of Chemical Technology contains 5,205 experimental observations for 880 unique materials [@na2022public]."
29,109,2.3 Computational methods and materials databases,880,CIT,L15,"na2022public.pdf (10.1038/s41524-022-00897-2): 5,205 observations, 880 materials",PENDING_PDF,"The ESTM (Experimentally Synthesized Thermoelectric Materials) database curated at the Korea Research Institute of Chemical Technology contains 5,205 experimental observations for 880 unique materials [@na2022public]."
30,120,2.4 Machine learning for thermoelectric property prediction,18.1,CIT,L08,"parse2024predicting.pdf: 18,126 instances (18.1K), 2,761 compounds, 5-fold CV",PENDING_PDF; Table 1 K-values are roundings of the cited counts,| Parse et al. [@parse2024predicting] | XGBoost | Starrydata2 | 18.1K | R^2^ (zT) 0.815 | 5-fold CV |
31,120,2.4 Machine learning for thermoelectric property prediction,0.815,CIT,L08,parse2024predicting.pdf (10.1002/adts.202400308): R2 0.815,PENDING_PDF,| Parse et al. [@parse2024predicting] | XGBoost | Starrydata2 | 18.1K | R^2^ (zT) 0.815 | 5-fold CV |
32,120,2.4 Machine learning for thermoelectric property prediction,5,CIT,L08,"parse2024predicting.pdf: 18,126 instances (18.1K), 2,761 compounds, 5-fold CV",PENDING_PDF; Table 1 K-values are roundings of the cited counts,| Parse et al. [@parse2024predicting] | XGBoost | Starrydata2 | 18.1K | R^2^ (zT) 0.815 | 5-fold CV |
33,121,2.4 Machine learning for thermoelectric property prediction,92,CIT,L09,"jia2024dealing.pdf (10.1007/s40843-023-2777-2): R2 0.89 to 0.90, 92,000 entries","PENDING_PDF; fallback: 'proposes composition-based cross-validation' (abstract, verified 2026-09-24)",| Jia et al. [@jia2024dealing] | GBDT | Starrydata2 | 92K | R^2^ (zT) 0.89--0.90 | Composition-level CV |
34,121,2.4 Machine learning for thermoelectric property prediction,0.89,CIT,L09,"jia2024dealing.pdf (10.1007/s40843-023-2777-2): R2 0.89 to 0.90, 92,000 entries","PENDING_PDF; fallback: 'proposes composition-based cross-validation' (abstract, verified 2026-09-24)",| Jia et al. [@jia2024dealing] | GBDT | Starrydata2 | 92K | R^2^ (zT) 0.89--0.90 | Composition-level CV |
35,121,2.4 Machine learning for thermoelectric property prediction,0.90,CIT,L09,"jia2024dealing.pdf (10.1007/s40843-023-2777-2): R2 0.89 to 0.90, 92,000 entries","PENDING_PDF; fallback: 'proposes composition-based cross-validation' (abstract, verified 2026-09-24)",| Jia et al. [@jia2024dealing] | GBDT | Starrydata2 | 92K | R^2^ (zT) 0.89--0.90 | Composition-level CV |
36,123,2.4 Machine learning for thermoelectric property prediction,0.90,CIT,L10,"sun2025rationally.pdf (10.1002/aelm.202500210): R2 0.95 training, 0.90 test",PENDING_PDF,| Sun et al. [@sun2025rationally] | DNN | Starrydata2 | N/R | R^2^ (zT) 0.90 (test) | Train/test split |
37,124,2.4 Machine learning for thermoelectric property prediction,160,CIT,L11,"barua2025thermoelectric.pdf (10.1021/acsami.4c19149): about 160,000 points, R2 0.67 to 0.80, three test sets",PENDING_PDF,| Barua et al. [@barua2025thermoelectric] | XGBoost | Starrydata2 | ∼160K | R^2^ (zT) 0.67--0.80 | Three external test sets |
38,124,2.4 Machine learning for thermoelectric property prediction,0.67,CIT,L11,"barua2025thermoelectric.pdf (10.1021/acsami.4c19149): about 160,000 points, R2 0.67 to 0.80, three test sets",PENDING_PDF,| Barua et al. [@barua2025thermoelectric] | XGBoost | Starrydata2 | ∼160K | R^2^ (zT) 0.67--0.80 | Three external test sets |
39,124,2.4 Machine learning for thermoelectric property prediction,0.80,CIT,L11,"barua2025thermoelectric.pdf (10.1021/acsami.4c19149): about 160,000 points, R2 0.67 to 0.80, three test sets",PENDING_PDF,| Barua et al. [@barua2025thermoelectric] | XGBoost | Starrydata2 | ∼160K | R^2^ (zT) 0.67--0.80 | Three external test sets |
40,125,2.4 Machine learning for thermoelectric property prediction,5.2,CIT,L12,"wang2025highperformance.pdf (10.1016/j.matdes.2024.113552): 5.2K rows, 10-fold CV, R2 0.97 (page or table needed)",PENDING_PDF,| Wang et al. [@wang2025highperformance] | Stacking | Mixed | 5.2K | R^2^ (zT) 0.97 | 10-fold CV |
41,125,2.4 Machine learning for thermoelectric property prediction,0.97,CIT,L12,"wang2025highperformance.pdf (10.1016/j.matdes.2024.113552): 5.2K rows, 10-fold CV, R2 0.97 (page or table needed)",PENDING_PDF,| Wang et al. [@wang2025highperformance] | Stacking | Mixed | 5.2K | R^2^ (zT) 0.97 | 10-fold CV |
42,125,2.4 Machine learning for thermoelectric property prediction,10,CIT,L12,"wang2025highperformance.pdf (10.1016/j.matdes.2024.113552): 5.2K rows, 10-fold CV, R2 0.97 (page or table needed)",PENDING_PDF,| Wang et al. [@wang2025highperformance] | Stacking | Mixed | 5.2K | R^2^ (zT) 0.97 | 10-fold CV |
43,126,2.4 Machine learning for thermoelectric property prediction,0.99,CIT,L13,"elavunkel2025unlocking.pdf (10.1021/acsaem.5c02223): R2 0.92 to 0.99, random split",PENDING_PDF,| Elavunkel & Padhan [@elavunkel2025unlocking] | Stacking | Half-Heusler | small | R^2^ (S) 0.99; R^2^ (zT) 0.92 | Random split |
44,126,2.4 Machine learning for thermoelectric property prediction,0.92,CIT,L13,"elavunkel2025unlocking.pdf (10.1021/acsaem.5c02223): R2 0.92 to 0.99, random split",PENDING_PDF,R^2^ (zT) 0.92 | Random split |
45,129,2.4 Machine learning for thermoelectric property prediction,"18,126",CIT,L08,"parse2024predicting.pdf: 18,126 instances (18.1K), 2,761 compounds, 5-fold CV",PENDING_PDF; Table 1 K-values are roundings of the cited counts,"Parse et al. [@parse2024predicting] trained XGBoost on 18,126 cleaned Starrydata2 instances covering 2,761 compounds (R^2^ = 0.815, 5-fold CV). Jia et al. [@jia2024dealing] introduced composition-based cross-validation, excluding individual compositions rather than random rows, and obtained R^2^ of "
46,129,2.4 Machine learning for thermoelectric property prediction,"2,761",CIT,L08,"parse2024predicting.pdf: 18,126 instances (18.1K), 2,761 compounds, 5-fold CV",PENDING_PDF; Table 1 K-values are roundings of the cited counts,"[@parse2024predicting] trained XGBoost on 18,126 cleaned Starrydata2 instances covering 2,761 compounds (R^2^ = 0.815, 5-fold CV)."
47,129,2.4 Machine learning for thermoelectric property prediction,0.815,CIT,L08,parse2024predicting.pdf (10.1002/adts.202400308): R2 0.815,PENDING_PDF,"[@parse2024predicting] trained XGBoost on 18,126 cleaned Starrydata2 instances covering 2,761 compounds (R^2^ = 0.815, 5-fold CV)."
48,129,2.4 Machine learning for thermoelectric property prediction,5,CIT,L08,"parse2024predicting.pdf: 18,126 instances (18.1K), 2,761 compounds, 5-fold CV",PENDING_PDF; Table 1 K-values are roundings of the cited counts,"[@parse2024predicting] trained XGBoost on 18,126 cleaned Starrydata2 instances covering 2,761 compounds (R^2^ = 0.815, 5-fold CV)."
49,129,2.4 Machine learning for thermoelectric property prediction,0.89,CIT,L09,"jia2024dealing.pdf (10.1007/s40843-023-2777-2): R2 0.89 to 0.90, 92,000 entries","PENDING_PDF; fallback: 'proposes composition-based cross-validation' (abstract, verified 2026-09-24)","[@jia2024dealing] introduced composition-based cross-validation, excluding individual compositions rather than random rows, and obtained R^2^ of 0.89--0.90 for zT on 92,000 entries; this is stricter than standard K-fold but less strict than system-level grouping, because members of the same chemical family (e.g."
50,129,2.4 Machine learning for thermoelectric property prediction,0.90,CIT,L09,"jia2024dealing.pdf (10.1007/s40843-023-2777-2): R2 0.89 to 0.90, 92,000 entries","PENDING_PDF; fallback: 'proposes composition-based cross-validation' (abstract, verified 2026-09-24)","[@jia2024dealing] introduced composition-based cross-validation, excluding individual compositions rather than random rows, and obtained R^2^ of 0.89--0.90 for zT on 92,000 entries; this is stricter than standard K-fold but less strict than system-level grouping, because members of the same chemical family (e.g."
51,129,2.4 Machine learning for thermoelectric property prediction,"92,000",CIT,L09,"jia2024dealing.pdf (10.1007/s40843-023-2777-2): R2 0.89 to 0.90, 92,000 entries","PENDING_PDF; fallback: 'proposes composition-based cross-validation' (abstract, verified 2026-09-24)","[@jia2024dealing] introduced composition-based cross-validation, excluding individual compositions rather than random rows, and obtained R^2^ of 0.89--0.90 for zT on 92,000 entries; this is stricter than standard K-fold but less strict than system-level grouping, because members of the same chemical family (e.g."
52,129,2.4 Machine learning for thermoelectric property prediction,0.95,CIT,L10,"sun2025rationally.pdf (10.1002/aelm.202500210): R2 0.95 training, 0.90 test",PENDING_PDF,"[@sun2025rationally] combined MAGPIE and CBFV features, selected with Pearson correlation and LassoCV, in deep neural networks (R^2^ = 0.95 on the training set and 0.90 on the test set), the dual-featurizer approach used here."
53,129,2.4 Machine learning for thermoelectric property prediction,0.90,CIT,L10,"sun2025rationally.pdf (10.1002/aelm.202500210): R2 0.95 training, 0.90 test",PENDING_PDF,"[@sun2025rationally] combined MAGPIE and CBFV features, selected with Pearson correlation and LassoCV, in deep neural networks (R^2^ = 0.95 on the training set and 0.90 on the test set), the dual-featurizer approach used here."
54,129,2.4 Machine learning for thermoelectric property prediction,"160,000",CIT,L11,"barua2025thermoelectric.pdf (10.1021/acsami.4c19149): about 160,000 points, R2 0.67 to 0.80, three test sets",PENDING_PDF,"Parse et al. [@parse2024predicting] trained XGBoost on 18,126 cleaned Starrydata2 instances covering 2,761 compounds (R^2^ = 0.815, 5-fold CV). Jia et al. [@jia2024dealing] introduced composition-based cross-validation, excluding individual compositions rather than random rows, and obtained R^2^ of "
55,129,2.4 Machine learning for thermoelectric property prediction,0.67,CIT,L11,"barua2025thermoelectric.pdf (10.1021/acsami.4c19149): about 160,000 points, R2 0.67 to 0.80, three test sets",PENDING_PDF,"[@barua2025thermoelectric] trained XGBoost on ≈160,000 data points and reported R^2^ between 0.67 and 0.80 on three test sets."
56,129,2.4 Machine learning for thermoelectric property prediction,0.80,CIT,L11,"barua2025thermoelectric.pdf (10.1021/acsami.4c19149): about 160,000 points, R2 0.67 to 0.80, three test sets",PENDING_PDF,"[@barua2025thermoelectric] trained XGBoost on ≈160,000 data points and reported R^2^ between 0.67 and 0.80 on three test sets."
57,129,2.4 Machine learning for thermoelectric property prediction,0.92,CIT,L13,"elavunkel2025unlocking.pdf (10.1021/acsaem.5c02223): R2 0.92 to 0.99, random split",PENDING_PDF,"Parse et al. [@parse2024predicting] trained XGBoost on 18,126 cleaned Starrydata2 instances covering 2,761 compounds (R^2^ = 0.815, 5-fold CV). Jia et al. [@jia2024dealing] introduced composition-based cross-validation, excluding individual compositions rather than random rows, and obtained R^2^ of "
58,129,2.4 Machine learning for thermoelectric property prediction,0.99,CIT,L13,"elavunkel2025unlocking.pdf (10.1021/acsaem.5c02223): R2 0.92 to 0.99, random split",PENDING_PDF,"Parse et al. [@parse2024predicting] trained XGBoost on 18,126 cleaned Starrydata2 instances covering 2,761 compounds (R^2^ = 0.815, 5-fold CV). Jia et al. [@jia2024dealing] introduced composition-based cross-validation, excluding individual compositions rather than random rows, and obtained R^2^ of "
59,129,2.4 Machine learning for thermoelectric property prediction,10,CIT,L12,"wang2025highperformance.pdf (10.1016/j.matdes.2024.113552): 5.2K rows, 10-fold CV, R2 0.97 (page or table needed)",PENDING_PDF,"@elavunkel2025unlocking] reported R^2^ of 0.92--0.99, under row-level validation (10-fold CV in [@wang2025highperformance]), which inflates R^2^ relative to chemistry-aware splitting of larger and more diverse data."
60,159,3.2.1 Source data,1,LAB,notation,equation sigma = 1/rho,audit rule: inline equations,"where resistivity *ρ* was reported instead of conductivity, it was converted using *σ* = 1/*ρ*."
61,169,3.2.2 Data cleaning pipeline,1,LAB,label,"pipeline step numbers ('Step 1', 'steps 6--8', 'steps 9--11')",audit rule: 'step(s) N',"*Data preparation (steps 1--5).* Step 1 extracted the four target properties, converted resistivity to conductivity and applied physical-range bounds: −1000 ≤ S ≤ 1000 *µ*V K^−1^, 10 ≤ *σ* ≤ 10^7^ S m^−1^, 0.05 ≤ *κ* ≤ 25 W m^−1^ K^−1^ and 0 ≤ zT ≤ 4, giving 1,996,047 observations. The Seebeck bound"
62,169,3.2.2 Data cleaning pipeline,5,LAB,label,"pipeline step numbers ('Step 1', 'steps 6--8', 'steps 9--11')",audit rule: 'step(s) N',"*Data preparation (steps 1--5).* Step 1 extracted the four target properties, converted resistivity to conductivity and applied physical-range bounds: −1000 ≤ S ≤ 1000 *µ*V K^−1^, 10 ≤ *σ* ≤ 10^7^ S m^−1^, 0.05 ≤ *κ* ≤ 25 W m^−1^ K^−1^ and 0 ≤ zT ≤ 4, giving 1,996,047 observations. The Seebeck bound"
63,169,3.2.2 Data cleaning pipeline,10^7^,GEN,existing key family,"src/data_cleaning.py bounds, as b_sigma_lo: add b_sigma_hi","new key beside b_S, b_sigma_lo, b_kappa_*, b_zT_hi","Data preparation (steps 1--5).* Step 1 extracted the four target properties, converted resistivity to conductivity and applied physical-range bounds: −1000 ≤ S ≤ 1000 *µ*V K^−1^, 10 ≤ *σ* ≤ 10^7^ S m^−1^, 0.05 ≤ *κ* ≤ 25 W m^−1^ K^−1^ and 0 ≤ zT ≤ 4, giving 1,996,047 observations."
64,169,3.2.2 Data cleaning pipeline,0,GEN,existing key family,"src/data_cleaning.py bounds, as b_zT_hi: add b_zT_lo",new key,"*Data preparation (steps 1--5).* Step 1 extracted the four target properties, converted resistivity to conductivity and applied physical-range bounds: −1000 ≤ S ≤ 1000 *µ*V K^−1^, 10 ≤ *σ* ≤ 10^7^ S m^−1^, 0.05 ≤ *κ* ≤ 25 W m^−1^ K^−1^ and 0 ≤ zT ≤ 4, giving 1,996,047 observations. The Seebeck bound"
65,169,3.2.2 Data cleaning pipeline,298,GEN,asserted example,"illustrative temperatures: the hook asserts that 298, 300 and 303 K fall in one clean_bin_width bin through src/data_cleaning.py",new key; typed example verified by an assert,"298, 300 and 303 K) fall in the same bin, leaving 1,096,324 observations."
66,169,3.2.2 Data cleaning pipeline,300,GEN,asserted example,"illustrative temperatures: the hook asserts that 298, 300 and 303 K fall in one clean_bin_width bin through src/data_cleaning.py",new key; typed example verified by an assert,"298, 300 and 303 K) fall in the same bin, leaving 1,096,324 observations."
67,169,3.2.2 Data cleaning pipeline,303,GEN,asserted example,"illustrative temperatures: the hook asserts that 298, 300 and 303 K fall in one clean_bin_width bin through src/data_cleaning.py",new key; typed example verified by an assert,"298, 300 and 303 K) fall in the same bin, leaving 1,096,324 observations."
68,171,3.2.2 Data cleaning pipeline,6,LAB,label,"pipeline step numbers ('Step 1', 'steps 6--8', 'steps 9--11')",audit rule: 'step(s) N',*Quality filtering (steps 6--8).* Step 6 compared the reported zT with the value recomputed from Eq. (1) for all rows containing the four properties and removed rows whose relative discrepancy exceeded 50%:
69,171,3.2.2 Data cleaning pipeline,8,LAB,label,"pipeline step numbers ('Step 1', 'steps 6--8', 'steps 9--11')",audit rule: 'step(s) N',*Quality filtering (steps 6--8).* Step 6 compared the reported zT with the value recomputed from Eq. (1) for all rows containing the four properties and removed rows whose relative discrepancy exceeded 50%:
70,177,3.2.2 Data cleaning pipeline,9,LAB,label,"pipeline step numbers ('Step 1', 'steps 6--8', 'steps 9--11')",audit rule: 'step(s) N',"*Statistical filtering (steps 9--11).* Step 9 applied a median absolute deviation (MAD) filter, removing values with"
71,177,3.2.2 Data cleaning pipeline,11,LAB,label,"pipeline step numbers ('Step 1', 'steps 6--8', 'steps 9--11')",audit rule: 'step(s) N',"*Statistical filtering (steps 9--11).* Step 9 applied a median absolute deviation (MAD) filter, removing values with"
72,181,3.2.2 Data cleaning pipeline,1.4826,GEN,computed constant,"1/scipy.stats.norm.ppf(0.75) (the same divisor behind mad_sigma, now typed as 1.4826 in thesis_values.py)",new key; also removes the typed literal,"The MAD is unscaled (no 1.4826 consistency factor), so the multiplier of 3.5 MADs corresponds to about 2.4 standard deviations for normally distributed data; it is a choice of this study (see below), not the multiplier recommended in the cited work."
73,181,3.2.2 Data cleaning pipeline,3.0,GEN,key name,results/na4_*/results.json key zT_above_3 (threshold 3 is in the key name; the script uses 3.0),new key parsed from the key name (as na13_conv_d_thr),"a robust alternative to a rule based on the mean and standard deviation [@leys2013detecting], where x is S, log~10~ *σ* or log~10~ *κ*, and the median and the MAD, MAD(x) = median(|x − median(x)|), are taken over all rows that have a value of that property. The MAD is unscaled (no 1.4826 consistency"
74,181,3.2.2 Data cleaning pipeline,2.6,CIT,L21,zhao2014ultralow.pdf (10.1038/nature13184): maximum reliably reported bulk zT about 2.6,"PENDING_PDF; fallback: state the zT 3 threshold as an analysis choice, no source number","Rows with zT \> 3.0 lie above the maximum reliably reported for bulk thermoelectrics (≈2.6 [@zhao2014ultralow]); 15 of the 129,419 zT rows (0.012%) are affected; they are retained as statistically immaterial."
75,206,3.3 Feature engineering,1,GEN,existing keys,n_magpie_t - n_magpie (133 - 132) from the descriptor-ablation feature-set sizes,new key n_temp_features,"Temperature (T, K) was added as a direct input feature, giving 132 + 264 + 1 = 397 descriptors in total."
76,239,3.5 Validation strategy,5,DES,new registry rows,src/canonicalization.py DEFAULT_DOPANT_THRESHOLD_FRAC*100 and DEFAULT_SNAP_TOLERANCE*100,two DESIGN rows,"Each formula is assigned to a chemistry cluster: elements present below 5 atomic percent are treated as dopants and removed, remaining amounts within 5% of an integer are snapped to that integer, and the formula is reduced; a doped material therefore groups with its parent ((PbTe)~0.97~(SrTe)~0.02~(Na~2~Te)~0.01~ and Pb~0.97~Te both group with PbTe, while Bi~2~Te~2.7~Se~0.3~, where selenium occupies 6.0 atomic percent and is an alloy component, does not group with Bi~2~Te~3~)."
77,239,3.5 Validation strategy,5%,DES,new registry rows,src/canonicalization.py DEFAULT_DOPANT_THRESHOLD_FRAC*100 and DEFAULT_SNAP_TOLERANCE*100,two DESIGN rows,"Each formula is assigned to a chemistry cluster: elements present below 5 atomic percent are treated as dopants and removed, remaining amounts within 5% of an integer are snapped to that integer, and the formula is reduced; a doped material therefore groups with its parent ((PbTe)~0.97~(SrTe)~0.02~(Na~2~Te)~0.01~ and Pb~0.97~Te both group with PbTe, while Bi~2~Te~2.7~Se~0.3~, where selenium occupies 6.0 atomic percent and is an alloy component, does not group with Bi~2~Te~3~)."
78,239,3.5 Validation strategy,6.0,GEN,computed from code,src/canonicalization.chemistry_cluster_trace: Se at% of Bi2Te2.7Se0.3 (the schematic asserts it),new key from the same trace,"a doped material therefore groups with its parent ((PbTe)~0.97~(SrTe)~0.02~(Na~2~Te)~0.01~ and Pb~0.97~Te both group with PbTe, while Bi~2~Te~2.7~Se~0.3~, where selenium occupies 6.0 atomic percent and is an alloy component, does not group with Bi~2~Te~3~)."
79,239,3.5 Validation strategy,80,LAB,protocol names + assert,"'80/20', '5-fold', '10-fold' as names of the splitting protocols; ungrouped run_config n_outer_folds 5 and 10, ShuffleSplit test size 0.2 (RANDOM_HOLDOUT_TEST_SIZE)","audit rule for protocol names, with an assert in the hook that they match the run configs","To quantify inflation, five splitting strategies were applied with the same model, hyperparameters and features: (i) 20 independent random 80/20 draws, pooled; (ii) 5-fold and (iii) 10-fold CV, all partitioning data at row level; (iv) composition-level CV following Jia et al."
80,239,3.5 Validation strategy,20,LAB,protocol names + assert,"'80/20', '5-fold', '10-fold' as names of the splitting protocols; ungrouped run_config n_outer_folds 5 and 10, ShuffleSplit test size 0.2 (RANDOM_HOLDOUT_TEST_SIZE)","audit rule for protocol names, with an assert in the hook that they match the run configs","To quantify inflation, five splitting strategies were applied with the same model, hyperparameters and features: (i) 20 independent random 80/20 draws, pooled; (ii) 5-fold and (iii) 10-fold CV, all partitioning data at row level; (iv) composition-level CV following Jia et al."
81,239,3.5 Validation strategy,5,LAB,protocol names + assert,"'80/20', '5-fold', '10-fold' as names of the splitting protocols; ungrouped run_config n_outer_folds 5 and 10, ShuffleSplit test size 0.2 (RANDOM_HOLDOUT_TEST_SIZE)","audit rule for protocol names, with an assert in the hook that they match the run configs","(ii) 5-fold and (iii) 10-fold CV, all partitioning data at row level; (iv) composition-level CV following Jia et al."
82,239,3.5 Validation strategy,10,LAB,protocol names + assert,"'80/20', '5-fold', '10-fold' as names of the splitting protocols; ungrouped run_config n_outer_folds 5 and 10, ShuffleSplit test size 0.2 (RANDOM_HOLDOUT_TEST_SIZE)","audit rule for protocol names, with an assert in the hook that they match the run configs","(ii) 5-fold and (iii) 10-fold CV, all partitioning data at row level; (iv) composition-level CV following Jia et al."
83,247,3.5 Validation strategy,100%,NONE,rephrase,"'100%' of the training data: no value, only 'all'",rephrase: 'the whole training data',"For external validation, the models were refit on 100% of the training data with their frozen hyperparameters and applied once to ESTM [@na2022public]. After restricting to 300--800 K, ESTM has 4,539 rows. ESTM and Starrydata2 are both digitised from the literature and share source papers: 69 ESTM s"
84,253,3.6 Virtual screening,300,DES,new registry rows,"thesis_paper/scripts/na11_ranked_list.py GRID[0], GRID[-1]",two DESIGN rows,"or each candidate, MAGPIE and CBFV features are computed and the four models predict S, *σ*, *κ* and zT from 300 to 800 K in 100 K steps; the carrier-type classifier assigns the sign of S (Section 3.4)."
85,253,3.6 Virtual screening,800,DES,new registry rows,"thesis_paper/scripts/na11_ranked_list.py GRID[0], GRID[-1]",two DESIGN rows,"or each candidate, MAGPIE and CBFV features are computed and the four models predict S, *σ*, *κ* and zT from 300 to 800 K in 100 K steps; the carrier-type classifier assigns the sign of S (Section 3.4)."
86,253,3.6 Virtual screening,100,GEN,computed from code,"GRID[1] - GRID[0] of na11_ranked_list.py, asserted uniform",new key scr_T_step,"or each candidate, MAGPIE and CBFV features are computed and the four models predict S, *σ*, *κ* and zT from 300 to 800 K in 100 K steps; the carrier-type classifier assigns the sign of S (Section 3.4)."
87,265,4.1.1 Chemistry-cluster cross-validation,5%,GEN,key name,results/na8 ladder.<t>.repeat0_calibration key top5pct_*,new key parsed from the key name,"7 shows predicted versus measured values (first repeat): predictions follow the diagonal but are compressed towards the mean, with calibration slopes of 0.74 (S), 0.68 (*σ*), 0.80 (*κ*) and 0.73 (zT), and the top 5% of zT rows (mean measured zT 1.48) are predicted at 1.15 on average, consistent with high-performance compositions being rare in the training data."
88,286,4.1.2 Validation method comparison,5,LAB,protocol names + assert,"'80/20', '5-fold', '10-fold' as names of the splitting protocols; ungrouped run_config n_outer_folds 5 and 10, ShuffleSplit test size 0.2 (RANDOM_HOLDOUT_TEST_SIZE)","audit rule for protocol names, with an assert in the hook that they match the run configs","Random split, 5-fold and 10-fold CV give practically identical R^2^ (maximum difference 0.002 per target), showing that all three leak the same temperature-series information and that increasing the number of folds does not address the leakage."
89,286,4.1.2 Validation method comparison,10,LAB,protocol names + assert,"'80/20', '5-fold', '10-fold' as names of the splitting protocols; ungrouped run_config n_outer_folds 5 and 10, ShuffleSplit test size 0.2 (RANDOM_HOLDOUT_TEST_SIZE)","audit rule for protocol names, with an assert in the hook that they match the run configs","Random split, 5-fold and 10-fold CV give practically identical R^2^ (maximum difference 0.002 per target), showing that all three leak the same temperature-series information and that increasing the number of folds does not address the leakage."
90,289,4.1.2 Validation method comparison,80,LAB,protocol names + assert,"'80/20', '5-fold', '10-fold' as names of the splitting protocols; ungrouped run_config n_outer_folds 5 and 10, ShuffleSplit test size 0.2 (RANDOM_HOLDOUT_TEST_SIZE)","audit rule for protocol names, with an assert in the hook that they match the run configs",Random 80/20 pools 20 independent draws; 5-fold and 10-fold are single partitions; composition and chemistry cluster are the mean ± SD across 5 repeats.
91,289,4.1.2 Validation method comparison,20,LAB,protocol names + assert,"'80/20', '5-fold', '10-fold' as names of the splitting protocols; ungrouped run_config n_outer_folds 5 and 10, ShuffleSplit test size 0.2 (RANDOM_HOLDOUT_TEST_SIZE)","audit rule for protocol names, with an assert in the hook that they match the run configs",Random 80/20 pools 20 independent draws; 5-fold and 10-fold are single partitions; composition and chemistry cluster are the mean ± SD across 5 repeats.
92,289,4.1.2 Validation method comparison,5,LAB,protocol names + assert,"'80/20', '5-fold', '10-fold' as names of the splitting protocols; ungrouped run_config n_outer_folds 5 and 10, ShuffleSplit test size 0.2 (RANDOM_HOLDOUT_TEST_SIZE)","audit rule for protocol names, with an assert in the hook that they match the run configs",5-fold and 10-fold are single partitions; composition and chemistry cluster are the mean ± SD across 5 repeats.
93,289,4.1.2 Validation method comparison,10,LAB,protocol names + assert,"'80/20', '5-fold', '10-fold' as names of the splitting protocols; ungrouped run_config n_outer_folds 5 and 10, ShuffleSplit test size 0.2 (RANDOM_HOLDOUT_TEST_SIZE)","audit rule for protocol names, with an assert in the hook that they match the run configs",5-fold and 10-fold are single partitions; composition and chemistry cluster are the mean ± SD across 5 repeats.
94,289,4.1.2 Validation method comparison,80,LAB,protocol names + assert,"'80/20', '5-fold', '10-fold' as names of the splitting protocols; ungrouped run_config n_outer_folds 5 and 10, ShuffleSplit test size 0.2 (RANDOM_HOLDOUT_TEST_SIZE)","audit rule for protocol names, with an assert in the hook that they match the run configs",∆R^2^ is random 80/20 minus chemistry cluster.
95,289,4.1.2 Validation method comparison,20,LAB,protocol names + assert,"'80/20', '5-fold', '10-fold' as names of the splitting protocols; ungrouped run_config n_outer_folds 5 and 10, ShuffleSplit test size 0.2 (RANDOM_HOLDOUT_TEST_SIZE)","audit rule for protocol names, with an assert in the hook that they match the run configs",∆R^2^ is random 80/20 minus chemistry cluster.
96,291,4.1.2 Validation method comparison,80,LAB,protocol names + assert,"'80/20', '5-fold', '10-fold' as names of the splitting protocols; ungrouped run_config n_outer_folds 5 and 10, ShuffleSplit test size 0.2 (RANDOM_HOLDOUT_TEST_SIZE)","audit rule for protocol names, with an assert in the hook that they match the run configs",| **Target** | **Random 80/20** | **5-fold** | **10-fold** | **Composition** | **Chemistry cluster** | **∆R^2^** |
97,291,4.1.2 Validation method comparison,20,LAB,protocol names + assert,"'80/20', '5-fold', '10-fold' as names of the splitting protocols; ungrouped run_config n_outer_folds 5 and 10, ShuffleSplit test size 0.2 (RANDOM_HOLDOUT_TEST_SIZE)","audit rule for protocol names, with an assert in the hook that they match the run configs",| **Target** | **Random 80/20** | **5-fold** | **10-fold** | **Composition** | **Chemistry cluster** | **∆R^2^** |
98,291,4.1.2 Validation method comparison,5,LAB,protocol names + assert,"'80/20', '5-fold', '10-fold' as names of the splitting protocols; ungrouped run_config n_outer_folds 5 and 10, ShuffleSplit test size 0.2 (RANDOM_HOLDOUT_TEST_SIZE)","audit rule for protocol names, with an assert in the hook that they match the run configs",| **Target** | **Random 80/20** | **5-fold** | **10-fold** | **Composition** | **Chemistry cluster** | **∆R^2^** |
99,291,4.1.2 Validation method comparison,10,LAB,protocol names + assert,"'80/20', '5-fold', '10-fold' as names of the splitting protocols; ungrouped run_config n_outer_folds 5 and 10, ShuffleSplit test size 0.2 (RANDOM_HOLDOUT_TEST_SIZE)","audit rule for protocol names, with an assert in the hook that they match the run configs",| **Target** | **Random 80/20** | **5-fold** | **10-fold** | **Composition** | **Chemistry cluster** | **∆R^2^** |
100,301,4.1.2 Validation method comparison,80,LAB,protocol names + assert,"'80/20', '5-fold', '10-fold' as names of the splitting protocols; ungrouped run_config n_outer_folds 5 and 10, ShuffleSplit test size 0.2 (RANDOM_HOLDOUT_TEST_SIZE)","audit rule for protocol names, with an assert in the hook that they match the run configs",∆ is random 80/20 minus chemistry cluster.
101,301,4.1.2 Validation method comparison,20,LAB,protocol names + assert,"'80/20', '5-fold', '10-fold' as names of the splitting protocols; ungrouped run_config n_outer_folds 5 and 10, ShuffleSplit test size 0.2 (RANDOM_HOLDOUT_TEST_SIZE)","audit rule for protocol names, with an assert in the hook that they match the run configs",∆ is random 80/20 minus chemistry cluster.
102,359,4.2 External validation,300,GEN,existing keys,"t_min and t_max (data_cleaning TEMP_MIN_K, TEMP_MAX_K); the Table 8 caption in make_thesis_values.py types 300--800","use <v:t_min>, <v:t_max> in the generator","The 4,539 ESTM rows within 300--800 K are scored in two strata that are never pooled: rows sharing no source DOI with the training data (a, n = 3,123) and rows whose chemistry cluster is absent from training (b, n = 1,448)."
103,359,4.2 External validation,800,GEN,existing keys,"t_min and t_max (data_cleaning TEMP_MIN_K, TEMP_MAX_K); the Table 8 caption in make_thesis_values.py types 300--800","use <v:t_min>, <v:t_max> in the generator","The 4,539 ESTM rows within 300--800 K are scored in two strata that are never pooled: rows sharing no source DOI with the training data (a, n = 3,123) and rows whose chemistry cluster is absent from training (b, n = 1,448)."
104,413,4.4 Direct versus component-wise zT prediction,5,GEN,existing keys,"results/na7/20261004T093502/results.json params n_repeats, n_folds (5, 5) and the grouped run's n_repeats, n_outer_folds","keys n_repeats, n_folds (already exist) in the text and the Table 10 caption","The comparison was repeated under random row-level validation (shuffled 5-fold, five repeats, the same 56,088 rows and the same frozen hyperparameters; Table 10)."
105,416,4.4 Direct versus component-wise zT prediction,5,GEN,existing keys,"results/na7/20261004T093502/results.json params n_repeats, n_folds (5, 5) and the grouped run's n_repeats, n_outer_folds","keys n_repeats, n_folds (already exist) in the text and the Table 10 caption","Chemistry-cluster CV is 5 repeats x 5 folds of grouped folds; random CV is 5 repeats x 5 folds of shuffled row-level folds; both pool the out-of-fold predictions (n = 280,440)."
106,416,4.4 Direct versus component-wise zT prediction,5,GEN,existing keys,"results/na7/20261004T093502/results.json params n_repeats, n_folds (5, 5) and the grouped run's n_repeats, n_outer_folds","keys n_repeats, n_folds (already exist) in the text and the Table 10 caption","Chemistry-cluster CV is 5 repeats x 5 folds of grouped folds; random CV is 5 repeats x 5 folds of shuffled row-level folds; both pool the out-of-fold predictions (n = 280,440)."
107,416,4.4 Direct versus component-wise zT prediction,5,GEN,existing keys,"results/na7/20261004T093502/results.json params n_repeats, n_folds (5, 5) and the grouped run's n_repeats, n_outer_folds","keys n_repeats, n_folds (already exist) in the text and the Table 10 caption","random CV is 5 repeats x 5 folds of shuffled row-level folds; both pool the out-of-fold predictions (n = 280,440)."
108,416,4.4 Direct versus component-wise zT prediction,5,GEN,existing keys,"results/na7/20261004T093502/results.json params n_repeats, n_folds (5, 5) and the grouped run's n_repeats, n_outer_folds","keys n_repeats, n_folds (already exist) in the text and the Table 10 caption","random CV is 5 repeats x 5 folds of shuffled row-level folds; both pool the out-of-fold predictions (n = 280,440)."
109,483,4.5.1 Literature validation,800,LAB,audit rule,text inside a [[PENDING]] marker; disappears with NA12,"exclude PENDING markers from the audit, or resolve NA12",[PENDING: NA12: comparison of predictions with published measurements for perovskite oxides at or below 800 K]]
110,500,5 Conclusions,5,LAB,protocol names + assert,"'80/20', '5-fold', '10-fold' as names of the splitting protocols; ungrouped run_config n_outer_folds 5 and 10, ShuffleSplit test size 0.2 (RANDOM_HOLDOUT_TEST_SIZE)","audit rule for protocol names, with an assert in the hook that they match the run configs","Random, 5-fold and 10-fold CV give nearly identical, inflated R^2^ values; chemistry-cluster CV reduces R^2^ by 0.134 (*κ*) to 0.213 (*σ*)."
111,500,5 Conclusions,10,LAB,protocol names + assert,"'80/20', '5-fold', '10-fold' as names of the splitting protocols; ungrouped run_config n_outer_folds 5 and 10, ShuffleSplit test size 0.2 (RANDOM_HOLDOUT_TEST_SIZE)","audit rule for protocol names, with an assert in the hook that they match the run configs","Random, 5-fold and 10-fold CV give nearly identical, inflated R^2^ values; chemistry-cluster CV reduces R^2^ by 0.134 (*κ*) to 0.213 (*σ*)."
