material_id,formula,in_main_30,in_E_hull_0.10_44,in_gap_cap_0.9_49,in_both_relaxed_73,ehull_eV_per_atom,cluster_seen_in_training,previously_studied_as_thermoelectric,kind,doi,confidence,basis,search_used
mp-776165,AgAuO3,False,True,False,True,0.0594,False,no evidence found,,,,no paper whose title or abstract reports a thermoelectric measurement or calculation of the compound was returned,"Crossref (4 queries: '<formula> thermoelectric', '<formula> Seebeck coefficient electrical conductivity', '<formula>', '<formula> thermopower power factor figure of merit first-principles') thesis_paper/reports/candidate_literature/20261005T045225; web search: AlSiP3 OR AgAuO3 OR InRhO3 OR BiRhO3 OR CeLuO3 thermoelectric properties"
mp-5168,AlSiP3,True,True,True,True,0.0072,False,no evidence found,,,,no paper whose title or abstract reports a thermoelectric measurement or calculation of the compound was returned,"Crossref (4 queries: '<formula> thermoelectric', '<formula> Seebeck coefficient electrical conductivity', '<formula>', '<formula> thermopower power factor figure of merit first-principles') thesis_paper/reports/candidate_literature/20261005T045225; web search: AlSiP3 OR AgAuO3 OR InRhO3 OR BiRhO3 OR CeLuO3 thermoelectric properties"
mp-1383356,BaHfS3,False,False,True,True,0.0283,False,yes,calculation,10.1016/j.cocom.2025.e01202,high,"Title: 'Evaluation of chalcogenide perovskites BaHfS3 for charge transport in energy conversion applications: Solar cells, photocatalytic water splitting and thermoelectric' (El Hidaoui 2026)",Crossref (4 queries) thesis_paper/reports/candidate_literature/20261005T045225
mp-998352,BaHfS3,False,False,True,True,0.0284,False,yes,calculation,10.1016/j.cocom.2025.e01202,high,"Title: 'Evaluation of chalcogenide perovskites BaHfS3 for charge transport in energy conversion applications: Solar cells, photocatalytic water splitting and thermoelectric' (El Hidaoui 2026)",Crossref (4 queries) thesis_paper/reports/candidate_literature/20261005T045225
mp-1178513,BaSnO3,False,False,True,True,0.0006,True,yes,experiment,10.1016/j.mseb.2009.10.002,high,Title: 'High-temperature thermoelectric properties of La-doped BaSnO3 ceramics' (Yasukawa 2010),Crossref (4 queries) thesis_paper/reports/candidate_literature/20261005T045225
mp-3163,BaSnO3,True,True,True,True,0.0,True,yes,experiment,10.1016/j.mseb.2009.10.002,high,Title: 'High-temperature thermoelectric properties of La-doped BaSnO3 ceramics' (Yasukawa 2010),Crossref (4 queries) thesis_paper/reports/candidate_literature/20261005T045225
mp-998350,BaZrSe3,False,True,False,True,0.0775,False,yes,calculation,10.1021/acs.jpclett.3c02940,medium,"Abstract (arXiv:2310.13851, J. Phys. Chem. Lett. 14:11465): ZT of BaZrS3 raised from 0.58 to 0.91 at 500 K 'by replacing S atom with Se and Ti-alloying'; the Se compound is BaZrSe3, which the v1 abstract does not name (search summaries of the published abstract give 'n-type BaZrSe3 ... ZT 0.42 at 300 K', not re-read)",Crossref (4 queries) thesis_paper/reports/candidate_literature/20261005T045225
mp-573119,BiRhO3,False,True,False,True,0.062,False,no evidence found,,,,no paper whose title or abstract reports a thermoelectric measurement or calculation of the compound was returned,"Crossref (4 queries: '<formula> thermoelectric', '<formula> Seebeck coefficient electrical conductivity', '<formula>', '<formula> thermopower power factor figure of merit first-principles') thesis_paper/reports/candidate_literature/20261005T045225; web search: AlSiP3 OR AgAuO3 OR InRhO3 OR BiRhO3 OR CeLuO3 thermoelectric properties"
mp-755893,CaBiO3,False,False,True,True,0.0,False,no evidence found,,,,no paper whose title or abstract reports a thermoelectric measurement or calculation of the compound was returned,"Crossref (4 queries: '<formula> thermoelectric', '<formula> Seebeck coefficient electrical conductivity', '<formula>', '<formula> thermopower power factor figure of merit first-principles') thesis_paper/reports/candidate_literature/20261005T045225; web search: MnSnO3 OR MnVO3 OR NiBiO3 OR ZnBiO3 OR CaBiO3 perovskite thermoelectric Seebeck"
mp-20772,CaCrO3,False,True,False,True,0.0651,False,no evidence found,,,,no paper whose title or abstract reports a thermoelectric measurement or calculation of the compound was returned,"Crossref (4 queries: '<formula> thermoelectric', '<formula> Seebeck coefficient electrical conductivity', '<formula>', '<formula> thermopower power factor figure of merit first-principles') thesis_paper/reports/candidate_literature/20261005T045225; web search: LuMnO3 OR ScCoO3 OR MgMnO3 OR LuVO3 OR CaCrO3 thermoelectric properties"
mp-19201,CaMnO3,True,True,True,True,0.0351,True,yes,experiment,10.1109/ict.2006.331291,high,"Title: 'Effect of the Yb substitutions on the thermoelectric properties of CaMnO3' (Flahaut 2006); many other titles, e.g. 10.1063/1.3505756 (Okuda 2010)",Crossref (4 queries) thesis_paper/reports/candidate_literature/20261005T045225
mp-1435359,CaVO3,True,True,True,True,0.0088,False,no evidence found,,,,no paper whose title or abstract reports a thermoelectric measurement or calculation of the compound was returned,"Crossref (4 queries: '<formula> thermoelectric', '<formula> Seebeck coefficient electrical conductivity', '<formula>', '<formula> thermopower power factor figure of merit first-principles') thesis_paper/reports/candidate_literature/20261005T045225; web search: CaVO3 thermoelectric Seebeck coefficient power factor"
mp-22608,CaVO3,True,True,True,True,0.0012,False,no evidence found,,,,no paper whose title or abstract reports a thermoelectric measurement or calculation of the compound was returned,"Crossref (4 queries: '<formula> thermoelectric', '<formula> Seebeck coefficient electrical conductivity', '<formula>', '<formula> thermopower power factor figure of merit first-principles') thesis_paper/reports/candidate_literature/20261005T045225; web search: CaVO3 thermoelectric Seebeck coefficient power factor"
mp-756062,CeFeO3,False,False,False,True,0.0798,False,no evidence found,,,,no paper whose title or abstract reports a thermoelectric measurement or calculation of the compound was returned,"Crossref (4 queries: '<formula> thermoelectric', '<formula> Seebeck coefficient electrical conductivity', '<formula>', '<formula> thermopower power factor figure of merit first-principles') thesis_paper/reports/candidate_literature/20261005T045225"
mp-1213810,CeLuO3,False,True,False,True,0.057,False,no evidence found,,,,no paper whose title or abstract reports a thermoelectric measurement or calculation of the compound was returned,"Crossref (4 queries: '<formula> thermoelectric', '<formula> Seebeck coefficient electrical conductivity', '<formula>', '<formula> thermopower power factor figure of merit first-principles') thesis_paper/reports/candidate_literature/20261005T045225; web search: AlSiP3 OR AgAuO3 OR InRhO3 OR BiRhO3 OR CeLuO3 thermoelectric properties"
mp-1188346,CoBiO3,False,True,False,True,0.0822,False,no evidence found,,,,no paper whose title or abstract reports a thermoelectric measurement or calculation of the compound was returned,"Crossref (4 queries: '<formula> thermoelectric', '<formula> Seebeck coefficient electrical conductivity', '<formula>', '<formula> thermopower power factor figure of merit first-principles') thesis_paper/reports/candidate_literature/20261005T045225"
mp-1068377,CsEuCl3,False,False,True,True,0.0105,False,yes,calculation,10.1016/j.rinp.2024.107980,high,"Title: 'An ab initio study to investigate the physical properties of CsEuX3 (X=Cl, Br, and I) ...' (Al-Reyahi 2024); the abstract (search summary, Crossref has none) reports a thermoelectric figure of merit for CsEuCl3",Crossref (4 queries) thesis_paper/reports/candidate_literature/20261005T045225
mp-570223,CsGeBr3,False,False,True,True,0.0168,False,yes,calculation,10.1007/s42247-023-00553-5,high,"Title: 'Comprehensive study of CsGeBr3 perovskite: optical, electronic, and thermoelectric properties' (Srinivas 2023)",Crossref (4 queries) thesis_paper/reports/candidate_literature/20261005T045225
mp-1112643,CsInI3,False,False,True,True,0.0218,False,no evidence found,,,,no paper whose title or abstract reports a thermoelectric measurement or calculation of the compound was returned,"Crossref (4 queries: '<formula> thermoelectric', '<formula> Seebeck coefficient electrical conductivity', '<formula>', '<formula> thermopower power factor figure of merit first-principles') thesis_paper/reports/candidate_literature/20261005T045225; web search: CsInI3 KInI3 RbInI3 KInBr3 halide perovskite thermoelectric properties first-principles"
mp-27214,CsSnBr3,True,True,True,True,0.0112,False,yes,experiment+calculation,10.1016/j.cplett.2020.137637,high,Title: 'Thermoelectric properties of all-inorganic perovskite CsSnBr3: A combined experimental and theoretical study' (Zhang 2020),Crossref (4 queries) thesis_paper/reports/candidate_literature/20261005T045225
mp-568570,CsSnI3,False,False,True,True,0.0111,True,yes,experiment,10.1016/j.orgel.2019.105488,high,"Title: 'Interface engineering using Y2O3 scaffold to enhance the thermoelectric performance of CsSnI3 thin film' (Baranwal 2020); also 10.1021/acsaem.2c01936 (Sebastia-Luna 2022, CsSnI3 films with tunable thermoelectric properties)",Crossref (4 queries) thesis_paper/reports/candidate_literature/20261005T045225
mp-614013,CsSnI3,True,True,True,True,0.0,True,yes,experiment,10.1016/j.orgel.2019.105488,high,"Title: 'Interface engineering using Y2O3 scaffold to enhance the thermoelectric performance of CsSnI3 thin film' (Baranwal 2020); also 10.1021/acsaem.2c01936 (Sebastia-Luna 2022, CsSnI3 films with tunable thermoelectric properties)",Crossref (4 queries) thesis_paper/reports/candidate_literature/20261005T045225
mp-616378,CsSnI3,True,True,True,True,0.0118,True,yes,experiment,10.1016/j.orgel.2019.105488,high,"Title: 'Interface engineering using Y2O3 scaffold to enhance the thermoelectric performance of CsSnI3 thin film' (Baranwal 2020); also 10.1021/acsaem.2c01936 (Sebastia-Luna 2022, CsSnI3 films with tunable thermoelectric properties)",Crossref (4 queries) thesis_paper/reports/candidate_literature/20261005T045225
mp-1212884,DyRhO3,False,False,True,True,0.0,False,no evidence found,,,,no paper whose title or abstract reports a thermoelectric measurement or calculation of the compound was returned,"Crossref (4 queries: '<formula> thermoelectric', '<formula> Seebeck coefficient electrical conductivity', '<formula>', '<formula> thermopower power factor figure of merit first-principles') thesis_paper/reports/candidate_literature/20261005T045225; web search: PrRhO3 NdRhO3 SmRhO3 rare-earth rhodate perovskite RRhO3 thermoelectric Seebeck coefficient"
mp-19063,ErCrO3,True,True,True,True,0.0,False,no evidence found,,,,"RCo0.5Cr0.5O3 (R = Dy, Ho, Er) and doped chromites are reported as thermoelectrics, not ErCrO3 itself; not counted","Crossref (4 queries: '<formula> thermoelectric', '<formula> Seebeck coefficient electrical conductivity', '<formula>', '<formula> thermopower power factor figure of merit first-principles') thesis_paper/reports/candidate_literature/20261005T045225; web search: ErCrO3 rare-earth chromite thermoelectric Seebeck coefficient"
mp-1189736,ErNiO3,True,True,True,True,0.0016,False,no evidence found,,,,no paper whose title or abstract reports a thermoelectric measurement or calculation of the compound was returned,"Crossref (4 queries: '<formula> thermoelectric', '<formula> Seebeck coefficient electrical conductivity', '<formula>', '<formula> thermopower power factor figure of merit first-principles') thesis_paper/reports/candidate_literature/20261005T045225; web search: ErNiO3 RNiO3 rare-earth nickelate thermopower Seebeck coefficient thermoelectric"
mp-753781,EuHfO3,True,True,True,True,0.0,False,no evidence found,,,,no paper whose title or abstract reports a thermoelectric measurement or calculation of the compound was returned,"Crossref (4 queries: '<formula> thermoelectric', '<formula> Seebeck coefficient electrical conductivity', '<formula>', '<formula> thermopower power factor figure of merit first-principles') thesis_paper/reports/candidate_literature/20261005T045225; web search: EuZrO3 EuHfO3 EuZrS3 EuHfS3 perovskite thermoelectric properties"
mp-1190059,EuHfS3,True,True,True,True,0.0,False,no evidence found,,,,no paper whose title or abstract reports a thermoelectric measurement or calculation of the compound was returned,"Crossref (4 queries: '<formula> thermoelectric', '<formula> Seebeck coefficient electrical conductivity', '<formula>', '<formula> thermopower power factor figure of merit first-principles') thesis_paper/reports/candidate_literature/20261005T045225; web search: EuZrO3 EuHfO3 EuZrS3 EuHfS3 perovskite thermoelectric properties"
mp-1106293,EuZrO3,True,True,True,True,0.0,False,no evidence found,,,,no paper whose title or abstract reports a thermoelectric measurement or calculation of the compound was returned,"Crossref (4 queries: '<formula> thermoelectric', '<formula> Seebeck coefficient electrical conductivity', '<formula>', '<formula> thermopower power factor figure of merit first-principles') thesis_paper/reports/candidate_literature/20261005T045225; web search: EuZrO3 EuHfO3 EuZrS3 EuHfS3 perovskite thermoelectric properties"
mp-1178354,EuZrO3,False,True,False,True,0.0844,False,no evidence found,,,,no paper whose title or abstract reports a thermoelectric measurement or calculation of the compound was returned,"Crossref (4 queries: '<formula> thermoelectric', '<formula> Seebeck coefficient electrical conductivity', '<formula>', '<formula> thermopower power factor figure of merit first-principles') thesis_paper/reports/candidate_literature/20261005T045225; web search: EuZrO3 EuHfO3 EuZrS3 EuHfS3 perovskite thermoelectric properties"
mp-771055,EuZrO3,False,True,False,True,0.0933,False,no evidence found,,,,no paper whose title or abstract reports a thermoelectric measurement or calculation of the compound was returned,"Crossref (4 queries: '<formula> thermoelectric', '<formula> Seebeck coefficient electrical conductivity', '<formula>', '<formula> thermopower power factor figure of merit first-principles') thesis_paper/reports/candidate_literature/20261005T045225; web search: EuZrO3 EuHfO3 EuZrS3 EuHfS3 perovskite thermoelectric properties"
mp-1189927,EuZrS3,True,True,True,True,0.0,False,no evidence found,,,,no paper whose title or abstract reports a thermoelectric measurement or calculation of the compound was returned,"Crossref (4 queries: '<formula> thermoelectric', '<formula> Seebeck coefficient electrical conductivity', '<formula>', '<formula> thermopower power factor figure of merit first-principles') thesis_paper/reports/candidate_literature/20261005T045225; web search: EuZrO3 EuHfO3 EuZrS3 EuHfS3 perovskite thermoelectric properties"
mp-1105819,InRhO3,False,True,False,True,0.0739,False,no evidence found,,,,no paper whose title or abstract reports a thermoelectric measurement or calculation of the compound was returned,"Crossref (4 queries: '<formula> thermoelectric', '<formula> Seebeck coefficient electrical conductivity', '<formula>', '<formula> thermopower power factor figure of merit first-principles') thesis_paper/reports/candidate_literature/20261005T045225; web search: AlSiP3 OR AgAuO3 OR InRhO3 OR BiRhO3 OR CeLuO3 thermoelectric properties"
mp-29799,KBiO3,True,True,True,True,0.0,False,no evidence found,,,,no paper found for the compound,"Crossref (4 queries: '<formula> thermoelectric', '<formula> Seebeck coefficient electrical conductivity', '<formula>', '<formula> thermopower power factor figure of merit first-principles') thesis_paper/reports/candidate_literature/20261005T045225; web search: SrBiO3 KBiO3 thermoelectric properties"
mp-1180782,KCrF3,True,True,True,True,0.002,False,no evidence found,,,,no paper whose title or abstract reports a thermoelectric measurement or calculation of the compound was returned,"Crossref (4 queries: '<formula> thermoelectric', '<formula> Seebeck coefficient electrical conductivity', '<formula>', '<formula> thermopower power factor figure of merit first-principles') thesis_paper/reports/candidate_literature/20261005T045225; web search: NaCuF3 KCrF3 LiAgF3 NaVF3 fluoroperovskite thermoelectric properties DFT"
mp-1110931,KInBr3,False,False,False,True,0.0978,False,no evidence found,,,,no paper whose title or abstract reports a thermoelectric measurement or calculation of the compound was returned,"Crossref (4 queries: '<formula> thermoelectric', '<formula> Seebeck coefficient electrical conductivity', '<formula>', '<formula> thermopower power factor figure of merit first-principles') thesis_paper/reports/candidate_literature/20261005T045225; web search: CsInI3 KInI3 RbInI3 KInBr3 halide perovskite thermoelectric properties first-principles"
mp-1112169,KInI3,False,False,False,True,0.0767,False,no evidence found,,,,no paper whose title or abstract reports a thermoelectric measurement or calculation of the compound was returned,"Crossref (4 queries: '<formula> thermoelectric', '<formula> Seebeck coefficient electrical conductivity', '<formula>', '<formula> thermopower power factor figure of merit first-principles') thesis_paper/reports/candidate_literature/20261005T045225; web search: CsInI3 KInI3 RbInI3 KInBr3 halide perovskite thermoelectric properties first-principles"
mp-1272753,LaCoO3,False,False,True,True,0.0304,True,yes,experiment,10.1080/14786435.2016.1263404,high,"Title: 'Understanding the thermoelectric properties of LaCoO3 compound' (Singh 2016); many others, e.g. 10.1063/1.4980675",Crossref (4 queries) thesis_paper/reports/candidate_literature/20261005T045225
mp-1273989,LaCoO3,False,False,True,True,0.0179,True,yes,experiment,10.1080/14786435.2016.1263404,high,"Title: 'Understanding the thermoelectric properties of LaCoO3 compound' (Singh 2016); many others, e.g. 10.1063/1.4980675",Crossref (4 queries) thesis_paper/reports/candidate_literature/20261005T045225
mp-1288145,LaCoO3,True,True,True,True,0.0,True,yes,experiment,10.1080/14786435.2016.1263404,high,"Title: 'Understanding the thermoelectric properties of LaCoO3 compound' (Singh 2016); many others, e.g. 10.1063/1.4980675",Crossref (4 queries) thesis_paper/reports/candidate_literature/20261005T045225
mp-573180,LaCoO3,False,False,False,True,0.0765,True,yes,experiment,10.1080/14786435.2016.1263404,high,"Title: 'Understanding the thermoelectric properties of LaCoO3 compound' (Singh 2016); many others, e.g. 10.1063/1.4980675",Crossref (4 queries) thesis_paper/reports/candidate_literature/20261005T045225
mp-1284950,LaNiO3,True,True,True,True,0.0206,True,yes,experiment,10.1007/s13391-013-0034-0,high,Title: 'Thermoelectric properties of a doped LaNiO3 perovskite system prepared using a spark-plasma sintering process' (Tak 2013); arXiv:2108.09969 'Understanding the Seebeck coefficient of LaNiO3 compound in the temperature range 300-620 K',Crossref (4 queries) thesis_paper/reports/candidate_literature/20261005T045225
mp-5163,LaRhO3,True,True,True,True,0.0,True,yes,experiment,10.1007/s11664-009-0666-x,high,Title: 'Thermoelectric Properties of B-Site Substituted LaRhO3' (Shibasaki 2009),Crossref (4 queries) thesis_paper/reports/candidate_literature/20261005T045225
mp-989601,LaWN3,False,False,True,True,0.0233,False,no evidence found,,,,"lattice thermal conductivity calculations exist (phonon transport, not thermoelectric by title or abstract); not counted","Crossref (4 queries: '<formula> thermoelectric', '<formula> Seebeck coefficient electrical conductivity', '<formula>', '<formula> thermopower power factor figure of merit first-principles') thesis_paper/reports/candidate_literature/20261005T045225; web search: LaWN3 perovskite nitride thermoelectric"
mp-756821,LiAgF3,False,True,False,True,0.0935,False,no evidence found,,,,no paper whose title or abstract reports a thermoelectric measurement or calculation of the compound was returned,"Crossref (4 queries: '<formula> thermoelectric', '<formula> Seebeck coefficient electrical conductivity', '<formula>', '<formula> thermopower power factor figure of merit first-principles') thesis_paper/reports/candidate_literature/20261005T045225; web search: NaCuF3 KCrF3 LiAgF3 NaVF3 fluoroperovskite thermoelectric properties DFT"
mp-760151,LiAgF3,False,True,False,True,0.077,False,no evidence found,,,,no paper whose title or abstract reports a thermoelectric measurement or calculation of the compound was returned,"Crossref (4 queries: '<formula> thermoelectric', '<formula> Seebeck coefficient electrical conductivity', '<formula>', '<formula> thermopower power factor figure of merit first-principles') thesis_paper/reports/candidate_literature/20261005T045225; web search: NaCuF3 KCrF3 LiAgF3 NaVF3 fluoroperovskite thermoelectric properties DFT"
mp-21125,LuMnO3,False,True,False,True,0.0503,False,no evidence found,,,,no paper whose title or abstract reports a thermoelectric measurement or calculation of the compound was returned,"Crossref (4 queries: '<formula> thermoelectric', '<formula> Seebeck coefficient electrical conductivity', '<formula>', '<formula> thermopower power factor figure of merit first-principles') thesis_paper/reports/candidate_literature/20261005T045225; web search: LuMnO3 OR ScCoO3 OR MgMnO3 OR LuVO3 OR CaCrO3 thermoelectric properties"
mp-2767717,LuVO3,True,True,True,True,0.0,False,no evidence found,,,,no paper whose title or abstract reports a thermoelectric measurement or calculation of the compound was returned,"Crossref (4 queries: '<formula> thermoelectric', '<formula> Seebeck coefficient electrical conductivity', '<formula>', '<formula> thermopower power factor figure of merit first-principles') thesis_paper/reports/candidate_literature/20261005T045225; web search: LuMnO3 OR ScCoO3 OR MgMnO3 OR LuVO3 OR CaCrO3 thermoelectric properties"
mp-770581,MgMnO3,False,True,False,True,0.0767,False,no evidence found,,,,no paper whose title or abstract reports a thermoelectric measurement or calculation of the compound was returned,"Crossref (4 queries: '<formula> thermoelectric', '<formula> Seebeck coefficient electrical conductivity', '<formula>', '<formula> thermopower power factor figure of merit first-principles') thesis_paper/reports/candidate_literature/20261005T045225; web search: LuMnO3 OR ScCoO3 OR MgMnO3 OR LuVO3 OR CaCrO3 thermoelectric properties"
mp-1370061,MgVO3,False,False,False,True,0.0928,False,no evidence found,,,,no paper whose title or abstract reports a thermoelectric measurement or calculation of the compound was returned,"Crossref (4 queries: '<formula> thermoelectric', '<formula> Seebeck coefficient electrical conductivity', '<formula>', '<formula> thermopower power factor figure of merit first-principles') thesis_paper/reports/candidate_literature/20261005T045225"
mp-1278986,MnBO3,True,True,True,True,0.0323,False,no evidence found,,,,no paper whose title or abstract reports a thermoelectric measurement or calculation of the compound was returned,"Crossref (4 queries: '<formula> thermoelectric', '<formula> Seebeck coefficient electrical conductivity', '<formula>', '<formula> thermopower power factor figure of merit first-principles') thesis_paper/reports/candidate_literature/20261005T045225"
mp-1289597,MnBO3,True,True,True,True,0.0204,False,no evidence found,,,,no paper whose title or abstract reports a thermoelectric measurement or calculation of the compound was returned,"Crossref (4 queries: '<formula> thermoelectric', '<formula> Seebeck coefficient electrical conductivity', '<formula>', '<formula> thermopower power factor figure of merit first-principles') thesis_paper/reports/candidate_literature/20261005T045225"
mp-691106,MnSnO3,True,True,True,True,0.0223,False,no evidence found,,,,no paper whose title or abstract reports a thermoelectric measurement or calculation of the compound was returned,"Crossref (4 queries: '<formula> thermoelectric', '<formula> Seebeck coefficient electrical conductivity', '<formula>', '<formula> thermopower power factor figure of merit first-principles') thesis_paper/reports/candidate_literature/20261005T045225; web search: MnSnO3 OR MnVO3 OR NiBiO3 OR ZnBiO3 OR CaBiO3 perovskite thermoelectric Seebeck"
mp-1106224,MnVO3,True,True,True,True,0.0418,False,no evidence found,,,,no paper whose title or abstract reports a thermoelectric measurement or calculation of the compound was returned,"Crossref (4 queries: '<formula> thermoelectric', '<formula> Seebeck coefficient electrical conductivity', '<formula>', '<formula> thermopower power factor figure of merit first-principles') thesis_paper/reports/candidate_literature/20261005T045225; web search: MnSnO3 OR MnVO3 OR NiBiO3 OR ZnBiO3 OR CaBiO3 perovskite thermoelectric Seebeck"
mp-772528,MnZnO3,False,True,False,True,0.0984,False,no evidence found,,,,no paper whose title or abstract reports a thermoelectric measurement or calculation of the compound was returned,"Crossref (4 queries: '<formula> thermoelectric', '<formula> Seebeck coefficient electrical conductivity', '<formula>', '<formula> thermopower power factor figure of merit first-principles') thesis_paper/reports/candidate_literature/20261005T045225"
mp-1120755,NaCO3,False,False,True,True,0.0,False,no evidence found,,,,no paper whose title or abstract reports a thermoelectric measurement or calculation of the compound was returned,"Crossref (4 queries: '<formula> thermoelectric', '<formula> Seebeck coefficient electrical conductivity', '<formula>', '<formula> thermopower power factor figure of merit first-principles') thesis_paper/reports/candidate_literature/20261005T045225"
mp-505085,NaCuF3,False,False,True,True,0.0043,False,no evidence found,,,,no paper whose title or abstract reports a thermoelectric measurement or calculation of the compound was returned,"Crossref (4 queries: '<formula> thermoelectric', '<formula> Seebeck coefficient electrical conductivity', '<formula>', '<formula> thermopower power factor figure of merit first-principles') thesis_paper/reports/candidate_literature/20261005T045225; web search: NaCuF3 KCrF3 LiAgF3 NaVF3 fluoroperovskite thermoelectric properties DFT"
mp-20572,NaVF3,False,False,False,True,0.0913,False,no evidence found,,,,no paper whose title or abstract reports a thermoelectric measurement or calculation of the compound was returned,"Crossref (4 queries: '<formula> thermoelectric', '<formula> Seebeck coefficient electrical conductivity', '<formula>', '<formula> thermopower power factor figure of merit first-principles') thesis_paper/reports/candidate_literature/20261005T045225; web search: NaCuF3 KCrF3 LiAgF3 NaVF3 fluoroperovskite thermoelectric properties DFT"
mp-20031,NdCoO3,False,False,False,True,0.0782,True,yes,experiment,10.1016/j.ceramint.2020.04.113,high,Title: 'Thermoelectric properties of the SmCoO3 and NdCoO3 cobalt oxides' (Dudnikov 2020),Crossref (4 queries) thesis_paper/reports/candidate_literature/20261005T045225
mp-4582,NdRhO3,False,False,True,True,0.0,False,no evidence found,,,,NdRhO3 thermodynamic and structural papers only,"Crossref (4 queries: '<formula> thermoelectric', '<formula> Seebeck coefficient electrical conductivity', '<formula>', '<formula> thermopower power factor figure of merit first-principles') thesis_paper/reports/candidate_literature/20261005T045225; web search: PrRhO3 NdRhO3 SmRhO3 rare-earth rhodate perovskite RRhO3 thermoelectric Seebeck coefficient"
mp-25096,NiBiO3,True,True,True,True,0.0322,False,no evidence found,,,,no paper whose title or abstract reports a thermoelectric measurement or calculation of the compound was returned,"Crossref (4 queries: '<formula> thermoelectric', '<formula> Seebeck coefficient electrical conductivity', '<formula>', '<formula> thermopower power factor figure of merit first-principles') thesis_paper/reports/candidate_literature/20261005T045225; web search: MnSnO3 OR MnVO3 OR NiBiO3 OR ZnBiO3 OR CaBiO3 perovskite thermoelectric Seebeck"
mp-4789,PrRhO3,False,False,True,True,0.0,False,no evidence found,,,,no paper whose title or abstract reports a thermoelectric measurement or calculation of the compound was returned,"Crossref (4 queries: '<formula> thermoelectric', '<formula> Seebeck coefficient electrical conductivity', '<formula>', '<formula> thermopower power factor figure of merit first-principles') thesis_paper/reports/candidate_literature/20261005T045225; web search: PrRhO3 NdRhO3 SmRhO3 rare-earth rhodate perovskite RRhO3 thermoelectric Seebeck coefficient"
mp-1206801,RbEuCl3,True,True,True,True,0.0384,False,no evidence found,,,,no paper whose title or abstract reports a thermoelectric measurement or calculation of the compound was returned,"Crossref (4 queries: '<formula> thermoelectric', '<formula> Seebeck coefficient electrical conductivity', '<formula>', '<formula> thermopower power factor figure of merit first-principles') thesis_paper/reports/candidate_literature/20261005T045225; web search: CsEuCl3 RbEuCl3 europium halide perovskite thermoelectric properties"
mp-571458,RbGeI3,True,True,True,True,0.0134,False,yes,calculation,10.1016/j.mtcomm.2021.102650,high,"Title: 'Ab initio DFT determination of structural, mechanical, optoelectronic, thermoelectric and thermodynamic properties of RbGeI3 inorganic perovskite ...' (Deepthi Jayan 2021)",Crossref (4 queries) thesis_paper/reports/candidate_literature/20261005T045225
mp-1114161,RbInI3,False,False,False,True,0.0564,False,no evidence found,,,,no paper whose title or abstract reports a thermoelectric measurement or calculation of the compound was returned,"Crossref (4 queries: '<formula> thermoelectric', '<formula> Seebeck coefficient electrical conductivity', '<formula>', '<formula> thermopower power factor figure of merit first-principles') thesis_paper/reports/candidate_literature/20261005T045225; web search: CsInI3 KInI3 RbInI3 KInBr3 halide perovskite thermoelectric properties first-principles"
mp-998157,RbSnBr3,False,False,True,True,0.0446,False,yes,calculation,10.1016/j.cocom.2022.e00761,high,Title: 'First principles calculations of the inorganic halide perovskite RbSnBr3: Optical and thermoelectric properties of its three phases' (Bouchikhi 2022),Crossref (4 queries) thesis_paper/reports/candidate_literature/20261005T045225
mp-1643785,ScCoO3,False,False,False,True,0.0692,False,no evidence found,,,,no paper whose title or abstract reports a thermoelectric measurement or calculation of the compound was returned,"Crossref (4 queries: '<formula> thermoelectric', '<formula> Seebeck coefficient electrical conductivity', '<formula>', '<formula> thermopower power factor figure of merit first-principles') thesis_paper/reports/candidate_literature/20261005T045225; web search: LuMnO3 OR ScCoO3 OR MgMnO3 OR LuVO3 OR CaCrO3 thermoelectric properties"
mp-3317,SmRhO3,False,False,True,True,0.0,False,no evidence found,,,,no paper whose title or abstract reports a thermoelectric measurement or calculation of the compound was returned,"Crossref (4 queries: '<formula> thermoelectric', '<formula> Seebeck coefficient electrical conductivity', '<formula>', '<formula> thermopower power factor figure of merit first-principles') thesis_paper/reports/candidate_literature/20261005T045225; web search: PrRhO3 NdRhO3 SmRhO3 rare-earth rhodate perovskite RRhO3 thermoelectric Seebeck coefficient"
mp-29164,SrBiO3,True,True,True,True,0.0,False,no evidence found,,,,"Sr1-xKxBiO3 (x = 0.45 to 0.6) thermopower exists (K-doped superconductor), not SrBiO3 itself; not counted","Crossref (4 queries: '<formula> thermoelectric', '<formula> Seebeck coefficient electrical conductivity', '<formula>', '<formula> thermopower power factor figure of merit first-principles') thesis_paper/reports/candidate_literature/20261005T045225; web search: SrBiO3 KBiO3 thermoelectric properties"
mp-5692,TbRhO3,False,False,True,True,0.0,False,no evidence found,,,,no paper whose title or abstract reports a thermoelectric measurement or calculation of the compound was returned,"Crossref (4 queries: '<formula> thermoelectric', '<formula> Seebeck coefficient electrical conductivity', '<formula>', '<formula> thermopower power factor figure of merit first-principles') thesis_paper/reports/candidate_literature/20261005T045225; web search: PrRhO3 NdRhO3 SmRhO3 rare-earth rhodate perovskite RRhO3 thermoelectric Seebeck coefficient"
mp-1273178,YCoO3,True,True,True,True,0.0117,True,yes,experiment,10.1088/1674-1056/24/4/047202,medium,"Abstract of 'Electrical transport properties of YCo1-xMnxO3 (0 <= x <= 0.2) prepared by sol-gel process' (Liu 2015, Chin. Phys. B 24:047202): Seebeck coefficient and resistivity measured from 200 K to 780 K for the series, which includes x = 0 (YCoO3)",Crossref (4 queries) thesis_paper/reports/candidate_literature/20261005T045225
mp-1288734,YCoO3,True,True,True,True,0.0155,True,yes,experiment,10.1088/1674-1056/24/4/047202,medium,"Abstract of 'Electrical transport properties of YCo1-xMnxO3 (0 <= x <= 0.2) prepared by sol-gel process' (Liu 2015, Chin. Phys. B 24:047202): Seebeck coefficient and resistivity measured from 200 K to 780 K for the series, which includes x = 0 (YCoO3)",Crossref (4 queries) thesis_paper/reports/candidate_literature/20261005T045225
mp-1378105,ZnBiO3,False,False,False,True,0.0806,False,no evidence found,,,,no paper whose title or abstract reports a thermoelectric measurement or calculation of the compound was returned,"Crossref (4 queries: '<formula> thermoelectric', '<formula> Seebeck coefficient electrical conductivity', '<formula>', '<formula> thermopower power factor figure of merit first-principles') thesis_paper/reports/candidate_literature/20261005T045225; web search: MnSnO3 OR MnVO3 OR NiBiO3 OR ZnBiO3 OR CaBiO3 perovskite thermoelectric Seebeck"
