column,feature_set,property_token,statistic_token,property_label,unit,statistic_label,label
MagpieData minimum Number,MAGPIE,Number,minimum,atomic number,,minimum,"Elemental atomic number, minimum (MAGPIE)"
MagpieData maximum Number,MAGPIE,Number,maximum,atomic number,,maximum,"Elemental atomic number, maximum (MAGPIE)"
MagpieData range Number,MAGPIE,Number,range,atomic number,,range,"Elemental atomic number, range (MAGPIE)"
MagpieData mean Number,MAGPIE,Number,mean,atomic number,,mean,"Elemental atomic number, mean (MAGPIE)"
MagpieData avg_dev Number,MAGPIE,Number,avg_dev,atomic number,,mean abs. deviation,"Elemental atomic number, mean abs. deviation (MAGPIE)"
MagpieData mode Number,MAGPIE,Number,mode,atomic number,,mode,"Elemental atomic number, mode (MAGPIE)"
MagpieData minimum MendeleevNumber,MAGPIE,MendeleevNumber,minimum,Mendeleev number,,minimum,"Elemental Mendeleev number, minimum (MAGPIE)"
MagpieData maximum MendeleevNumber,MAGPIE,MendeleevNumber,maximum,Mendeleev number,,maximum,"Elemental Mendeleev number, maximum (MAGPIE)"
MagpieData range MendeleevNumber,MAGPIE,MendeleevNumber,range,Mendeleev number,,range,"Elemental Mendeleev number, range (MAGPIE)"
MagpieData mean MendeleevNumber,MAGPIE,MendeleevNumber,mean,Mendeleev number,,mean,"Elemental Mendeleev number, mean (MAGPIE)"
MagpieData avg_dev MendeleevNumber,MAGPIE,MendeleevNumber,avg_dev,Mendeleev number,,mean abs. deviation,"Elemental Mendeleev number, mean abs. deviation (MAGPIE)"
MagpieData mode MendeleevNumber,MAGPIE,MendeleevNumber,mode,Mendeleev number,,mode,"Elemental Mendeleev number, mode (MAGPIE)"
MagpieData minimum AtomicWeight,MAGPIE,AtomicWeight,minimum,atomic weight,u,minimum,"Elemental atomic weight, minimum (MAGPIE)"
MagpieData maximum AtomicWeight,MAGPIE,AtomicWeight,maximum,atomic weight,u,maximum,"Elemental atomic weight, maximum (MAGPIE)"
MagpieData range AtomicWeight,MAGPIE,AtomicWeight,range,atomic weight,u,range,"Elemental atomic weight, range (MAGPIE)"
MagpieData mean AtomicWeight,MAGPIE,AtomicWeight,mean,atomic weight,u,mean,"Elemental atomic weight, mean (MAGPIE)"
MagpieData avg_dev AtomicWeight,MAGPIE,AtomicWeight,avg_dev,atomic weight,u,mean abs. deviation,"Elemental atomic weight, mean abs. deviation (MAGPIE)"
MagpieData mode AtomicWeight,MAGPIE,AtomicWeight,mode,atomic weight,u,mode,"Elemental atomic weight, mode (MAGPIE)"
MagpieData minimum MeltingT,MAGPIE,MeltingT,minimum,melting temperature,K,minimum,"Elemental melting temperature, minimum (MAGPIE)"
MagpieData maximum MeltingT,MAGPIE,MeltingT,maximum,melting temperature,K,maximum,"Elemental melting temperature, maximum (MAGPIE)"
MagpieData range MeltingT,MAGPIE,MeltingT,range,melting temperature,K,range,"Elemental melting temperature, range (MAGPIE)"
MagpieData mean MeltingT,MAGPIE,MeltingT,mean,melting temperature,K,mean,"Elemental melting temperature, mean (MAGPIE)"
MagpieData avg_dev MeltingT,MAGPIE,MeltingT,avg_dev,melting temperature,K,mean abs. deviation,"Elemental melting temperature, mean abs. deviation (MAGPIE)"
MagpieData mode MeltingT,MAGPIE,MeltingT,mode,melting temperature,K,mode,"Elemental melting temperature, mode (MAGPIE)"
MagpieData minimum Column,MAGPIE,Column,minimum,periodic-table column,,minimum,"Elemental periodic-table column, minimum (MAGPIE)"
MagpieData maximum Column,MAGPIE,Column,maximum,periodic-table column,,maximum,"Elemental periodic-table column, maximum (MAGPIE)"
MagpieData range Column,MAGPIE,Column,range,periodic-table column,,range,"Elemental periodic-table column, range (MAGPIE)"
MagpieData mean Column,MAGPIE,Column,mean,periodic-table column,,mean,"Elemental periodic-table column, mean (MAGPIE)"
MagpieData avg_dev Column,MAGPIE,Column,avg_dev,periodic-table column,,mean abs. deviation,"Elemental periodic-table column, mean abs. deviation (MAGPIE)"
MagpieData mode Column,MAGPIE,Column,mode,periodic-table column,,mode,"Elemental periodic-table column, mode (MAGPIE)"
MagpieData minimum Row,MAGPIE,Row,minimum,periodic-table row,,minimum,"Elemental periodic-table row, minimum (MAGPIE)"
MagpieData maximum Row,MAGPIE,Row,maximum,periodic-table row,,maximum,"Elemental periodic-table row, maximum (MAGPIE)"
MagpieData range Row,MAGPIE,Row,range,periodic-table row,,range,"Elemental periodic-table row, range (MAGPIE)"
MagpieData mean Row,MAGPIE,Row,mean,periodic-table row,,mean,"Elemental periodic-table row, mean (MAGPIE)"
MagpieData avg_dev Row,MAGPIE,Row,avg_dev,periodic-table row,,mean abs. deviation,"Elemental periodic-table row, mean abs. deviation (MAGPIE)"
MagpieData mode Row,MAGPIE,Row,mode,periodic-table row,,mode,"Elemental periodic-table row, mode (MAGPIE)"
MagpieData minimum CovalentRadius,MAGPIE,CovalentRadius,minimum,covalent radius,pm,minimum,"Elemental covalent radius, minimum (MAGPIE)"
MagpieData maximum CovalentRadius,MAGPIE,CovalentRadius,maximum,covalent radius,pm,maximum,"Elemental covalent radius, maximum (MAGPIE)"
MagpieData range CovalentRadius,MAGPIE,CovalentRadius,range,covalent radius,pm,range,"Elemental covalent radius, range (MAGPIE)"
MagpieData mean CovalentRadius,MAGPIE,CovalentRadius,mean,covalent radius,pm,mean,"Elemental covalent radius, mean (MAGPIE)"
MagpieData avg_dev CovalentRadius,MAGPIE,CovalentRadius,avg_dev,covalent radius,pm,mean abs. deviation,"Elemental covalent radius, mean abs. deviation (MAGPIE)"
MagpieData mode CovalentRadius,MAGPIE,CovalentRadius,mode,covalent radius,pm,mode,"Elemental covalent radius, mode (MAGPIE)"
MagpieData minimum Electronegativity,MAGPIE,Electronegativity,minimum,electronegativity,,minimum,"Elemental electronegativity, minimum (MAGPIE)"
MagpieData maximum Electronegativity,MAGPIE,Electronegativity,maximum,electronegativity,,maximum,"Elemental electronegativity, maximum (MAGPIE)"
MagpieData range Electronegativity,MAGPIE,Electronegativity,range,electronegativity,,range,"Elemental electronegativity, range (MAGPIE)"
MagpieData mean Electronegativity,MAGPIE,Electronegativity,mean,electronegativity,,mean,"Elemental electronegativity, mean (MAGPIE)"
MagpieData avg_dev Electronegativity,MAGPIE,Electronegativity,avg_dev,electronegativity,,mean abs. deviation,"Elemental electronegativity, mean abs. deviation (MAGPIE)"
MagpieData mode Electronegativity,MAGPIE,Electronegativity,mode,electronegativity,,mode,"Elemental electronegativity, mode (MAGPIE)"
MagpieData minimum NsValence,MAGPIE,NsValence,minimum,s valence electrons,,minimum,"Elemental s valence electrons, minimum (MAGPIE)"
MagpieData maximum NsValence,MAGPIE,NsValence,maximum,s valence electrons,,maximum,"Elemental s valence electrons, maximum (MAGPIE)"
MagpieData range NsValence,MAGPIE,NsValence,range,s valence electrons,,range,"Elemental s valence electrons, range (MAGPIE)"
MagpieData mean NsValence,MAGPIE,NsValence,mean,s valence electrons,,mean,"Elemental s valence electrons, mean (MAGPIE)"
MagpieData avg_dev NsValence,MAGPIE,NsValence,avg_dev,s valence electrons,,mean abs. deviation,"Elemental s valence electrons, mean abs. deviation (MAGPIE)"
MagpieData mode NsValence,MAGPIE,NsValence,mode,s valence electrons,,mode,"Elemental s valence electrons, mode (MAGPIE)"
MagpieData minimum NpValence,MAGPIE,NpValence,minimum,p valence electrons,,minimum,"Elemental p valence electrons, minimum (MAGPIE)"
MagpieData maximum NpValence,MAGPIE,NpValence,maximum,p valence electrons,,maximum,"Elemental p valence electrons, maximum (MAGPIE)"
MagpieData range NpValence,MAGPIE,NpValence,range,p valence electrons,,range,"Elemental p valence electrons, range (MAGPIE)"
MagpieData mean NpValence,MAGPIE,NpValence,mean,p valence electrons,,mean,"Elemental p valence electrons, mean (MAGPIE)"
MagpieData avg_dev NpValence,MAGPIE,NpValence,avg_dev,p valence electrons,,mean abs. deviation,"Elemental p valence electrons, mean abs. deviation (MAGPIE)"
MagpieData mode NpValence,MAGPIE,NpValence,mode,p valence electrons,,mode,"Elemental p valence electrons, mode (MAGPIE)"
MagpieData minimum NdValence,MAGPIE,NdValence,minimum,d valence electrons,,minimum,"Elemental d valence electrons, minimum (MAGPIE)"
MagpieData maximum NdValence,MAGPIE,NdValence,maximum,d valence electrons,,maximum,"Elemental d valence electrons, maximum (MAGPIE)"
MagpieData range NdValence,MAGPIE,NdValence,range,d valence electrons,,range,"Elemental d valence electrons, range (MAGPIE)"
MagpieData mean NdValence,MAGPIE,NdValence,mean,d valence electrons,,mean,"Elemental d valence electrons, mean (MAGPIE)"
MagpieData avg_dev NdValence,MAGPIE,NdValence,avg_dev,d valence electrons,,mean abs. deviation,"Elemental d valence electrons, mean abs. deviation (MAGPIE)"
MagpieData mode NdValence,MAGPIE,NdValence,mode,d valence electrons,,mode,"Elemental d valence electrons, mode (MAGPIE)"
MagpieData minimum NfValence,MAGPIE,NfValence,minimum,f valence electrons,,minimum,"Elemental f valence electrons, minimum (MAGPIE)"
MagpieData maximum NfValence,MAGPIE,NfValence,maximum,f valence electrons,,maximum,"Elemental f valence electrons, maximum (MAGPIE)"
MagpieData range NfValence,MAGPIE,NfValence,range,f valence electrons,,range,"Elemental f valence electrons, range (MAGPIE)"
MagpieData mean NfValence,MAGPIE,NfValence,mean,f valence electrons,,mean,"Elemental f valence electrons, mean (MAGPIE)"
MagpieData avg_dev NfValence,MAGPIE,NfValence,avg_dev,f valence electrons,,mean abs. deviation,"Elemental f valence electrons, mean abs. deviation (MAGPIE)"
MagpieData mode NfValence,MAGPIE,NfValence,mode,f valence electrons,,mode,"Elemental f valence electrons, mode (MAGPIE)"
MagpieData minimum NValence,MAGPIE,NValence,minimum,valence electrons (total),,minimum,"Elemental valence electrons (total), minimum (MAGPIE)"
MagpieData maximum NValence,MAGPIE,NValence,maximum,valence electrons (total),,maximum,"Elemental valence electrons (total), maximum (MAGPIE)"
MagpieData range NValence,MAGPIE,NValence,range,valence electrons (total),,range,"Elemental valence electrons (total), range (MAGPIE)"
MagpieData mean NValence,MAGPIE,NValence,mean,valence electrons (total),,mean,"Elemental valence electrons (total), mean (MAGPIE)"
MagpieData avg_dev NValence,MAGPIE,NValence,avg_dev,valence electrons (total),,mean abs. deviation,"Elemental valence electrons (total), mean abs. deviation (MAGPIE)"
MagpieData mode NValence,MAGPIE,NValence,mode,valence electrons (total),,mode,"Elemental valence electrons (total), mode (MAGPIE)"
MagpieData minimum NsUnfilled,MAGPIE,NsUnfilled,minimum,unfilled s valence electrons,,minimum,"Elemental unfilled s valence electrons, minimum (MAGPIE)"
MagpieData maximum NsUnfilled,MAGPIE,NsUnfilled,maximum,unfilled s valence electrons,,maximum,"Elemental unfilled s valence electrons, maximum (MAGPIE)"
MagpieData range NsUnfilled,MAGPIE,NsUnfilled,range,unfilled s valence electrons,,range,"Elemental unfilled s valence electrons, range (MAGPIE)"
MagpieData mean NsUnfilled,MAGPIE,NsUnfilled,mean,unfilled s valence electrons,,mean,"Elemental unfilled s valence electrons, mean (MAGPIE)"
MagpieData avg_dev NsUnfilled,MAGPIE,NsUnfilled,avg_dev,unfilled s valence electrons,,mean abs. deviation,"Elemental unfilled s valence electrons, mean abs. deviation (MAGPIE)"
MagpieData mode NsUnfilled,MAGPIE,NsUnfilled,mode,unfilled s valence electrons,,mode,"Elemental unfilled s valence electrons, mode (MAGPIE)"
MagpieData minimum NpUnfilled,MAGPIE,NpUnfilled,minimum,unfilled p valence electrons,,minimum,"Elemental unfilled p valence electrons, minimum (MAGPIE)"
MagpieData maximum NpUnfilled,MAGPIE,NpUnfilled,maximum,unfilled p valence electrons,,maximum,"Elemental unfilled p valence electrons, maximum (MAGPIE)"
MagpieData range NpUnfilled,MAGPIE,NpUnfilled,range,unfilled p valence electrons,,range,"Elemental unfilled p valence electrons, range (MAGPIE)"
MagpieData mean NpUnfilled,MAGPIE,NpUnfilled,mean,unfilled p valence electrons,,mean,"Elemental unfilled p valence electrons, mean (MAGPIE)"
MagpieData avg_dev NpUnfilled,MAGPIE,NpUnfilled,avg_dev,unfilled p valence electrons,,mean abs. deviation,"Elemental unfilled p valence electrons, mean abs. deviation (MAGPIE)"
MagpieData mode NpUnfilled,MAGPIE,NpUnfilled,mode,unfilled p valence electrons,,mode,"Elemental unfilled p valence electrons, mode (MAGPIE)"
MagpieData minimum NdUnfilled,MAGPIE,NdUnfilled,minimum,unfilled d valence electrons,,minimum,"Elemental unfilled d valence electrons, minimum (MAGPIE)"
MagpieData maximum NdUnfilled,MAGPIE,NdUnfilled,maximum,unfilled d valence electrons,,maximum,"Elemental unfilled d valence electrons, maximum (MAGPIE)"
MagpieData range NdUnfilled,MAGPIE,NdUnfilled,range,unfilled d valence electrons,,range,"Elemental unfilled d valence electrons, range (MAGPIE)"
MagpieData mean NdUnfilled,MAGPIE,NdUnfilled,mean,unfilled d valence electrons,,mean,"Elemental unfilled d valence electrons, mean (MAGPIE)"
MagpieData avg_dev NdUnfilled,MAGPIE,NdUnfilled,avg_dev,unfilled d valence electrons,,mean abs. deviation,"Elemental unfilled d valence electrons, mean abs. deviation (MAGPIE)"
MagpieData mode NdUnfilled,MAGPIE,NdUnfilled,mode,unfilled d valence electrons,,mode,"Elemental unfilled d valence electrons, mode (MAGPIE)"
MagpieData minimum NfUnfilled,MAGPIE,NfUnfilled,minimum,unfilled f valence electrons,,minimum,"Elemental unfilled f valence electrons, minimum (MAGPIE)"
MagpieData maximum NfUnfilled,MAGPIE,NfUnfilled,maximum,unfilled f valence electrons,,maximum,"Elemental unfilled f valence electrons, maximum (MAGPIE)"
MagpieData range NfUnfilled,MAGPIE,NfUnfilled,range,unfilled f valence electrons,,range,"Elemental unfilled f valence electrons, range (MAGPIE)"
MagpieData mean NfUnfilled,MAGPIE,NfUnfilled,mean,unfilled f valence electrons,,mean,"Elemental unfilled f valence electrons, mean (MAGPIE)"
MagpieData avg_dev NfUnfilled,MAGPIE,NfUnfilled,avg_dev,unfilled f valence electrons,,mean abs. deviation,"Elemental unfilled f valence electrons, mean abs. deviation (MAGPIE)"
MagpieData mode NfUnfilled,MAGPIE,NfUnfilled,mode,unfilled f valence electrons,,mode,"Elemental unfilled f valence electrons, mode (MAGPIE)"
MagpieData minimum NUnfilled,MAGPIE,NUnfilled,minimum,unfilled valence electrons (total),,minimum,"Elemental unfilled valence electrons (total), minimum (MAGPIE)"
MagpieData maximum NUnfilled,MAGPIE,NUnfilled,maximum,unfilled valence electrons (total),,maximum,"Elemental unfilled valence electrons (total), maximum (MAGPIE)"
MagpieData range NUnfilled,MAGPIE,NUnfilled,range,unfilled valence electrons (total),,range,"Elemental unfilled valence electrons (total), range (MAGPIE)"
MagpieData mean NUnfilled,MAGPIE,NUnfilled,mean,unfilled valence electrons (total),,mean,"Elemental unfilled valence electrons (total), mean (MAGPIE)"
MagpieData avg_dev NUnfilled,MAGPIE,NUnfilled,avg_dev,unfilled valence electrons (total),,mean abs. deviation,"Elemental unfilled valence electrons (total), mean abs. deviation (MAGPIE)"
MagpieData mode NUnfilled,MAGPIE,NUnfilled,mode,unfilled valence electrons (total),,mode,"Elemental unfilled valence electrons (total), mode (MAGPIE)"
MagpieData minimum GSvolume_pa,MAGPIE,GSvolume_pa,minimum,DFT ground-state volume per atom,A^3,minimum,"Elemental DFT ground-state volume per atom, minimum (MAGPIE)"
MagpieData maximum GSvolume_pa,MAGPIE,GSvolume_pa,maximum,DFT ground-state volume per atom,A^3,maximum,"Elemental DFT ground-state volume per atom, maximum (MAGPIE)"
MagpieData range GSvolume_pa,MAGPIE,GSvolume_pa,range,DFT ground-state volume per atom,A^3,range,"Elemental DFT ground-state volume per atom, range (MAGPIE)"
MagpieData mean GSvolume_pa,MAGPIE,GSvolume_pa,mean,DFT ground-state volume per atom,A^3,mean,"Elemental DFT ground-state volume per atom, mean (MAGPIE)"
MagpieData avg_dev GSvolume_pa,MAGPIE,GSvolume_pa,avg_dev,DFT ground-state volume per atom,A^3,mean abs. deviation,"Elemental DFT ground-state volume per atom, mean abs. deviation (MAGPIE)"
MagpieData mode GSvolume_pa,MAGPIE,GSvolume_pa,mode,DFT ground-state volume per atom,A^3,mode,"Elemental DFT ground-state volume per atom, mode (MAGPIE)"
MagpieData minimum GSbandgap,MAGPIE,GSbandgap,minimum,DFT ground-state band gap,eV,minimum,"Elemental DFT ground-state band gap, minimum (MAGPIE)"
MagpieData maximum GSbandgap,MAGPIE,GSbandgap,maximum,DFT ground-state band gap,eV,maximum,"Elemental DFT ground-state band gap, maximum (MAGPIE)"
MagpieData range GSbandgap,MAGPIE,GSbandgap,range,DFT ground-state band gap,eV,range,"Elemental DFT ground-state band gap, range (MAGPIE)"
MagpieData mean GSbandgap,MAGPIE,GSbandgap,mean,DFT ground-state band gap,eV,mean,"Elemental DFT ground-state band gap, mean (MAGPIE)"
MagpieData avg_dev GSbandgap,MAGPIE,GSbandgap,avg_dev,DFT ground-state band gap,eV,mean abs. deviation,"Elemental DFT ground-state band gap, mean abs. deviation (MAGPIE)"
MagpieData mode GSbandgap,MAGPIE,GSbandgap,mode,DFT ground-state band gap,eV,mode,"Elemental DFT ground-state band gap, mode (MAGPIE)"
MagpieData minimum GSmagmom,MAGPIE,GSmagmom,minimum,DFT ground-state magnetic moment,muB,minimum,"Elemental DFT ground-state magnetic moment, minimum (MAGPIE)"
MagpieData maximum GSmagmom,MAGPIE,GSmagmom,maximum,DFT ground-state magnetic moment,muB,maximum,"Elemental DFT ground-state magnetic moment, maximum (MAGPIE)"
MagpieData range GSmagmom,MAGPIE,GSmagmom,range,DFT ground-state magnetic moment,muB,range,"Elemental DFT ground-state magnetic moment, range (MAGPIE)"
MagpieData mean GSmagmom,MAGPIE,GSmagmom,mean,DFT ground-state magnetic moment,muB,mean,"Elemental DFT ground-state magnetic moment, mean (MAGPIE)"
MagpieData avg_dev GSmagmom,MAGPIE,GSmagmom,avg_dev,DFT ground-state magnetic moment,muB,mean abs. deviation,"Elemental DFT ground-state magnetic moment, mean abs. deviation (MAGPIE)"
MagpieData mode GSmagmom,MAGPIE,GSmagmom,mode,DFT ground-state magnetic moment,muB,mode,"Elemental DFT ground-state magnetic moment, mode (MAGPIE)"
MagpieData minimum SpaceGroupNumber,MAGPIE,SpaceGroupNumber,minimum,space-group number,,minimum,"Elemental space-group number, minimum (MAGPIE)"
MagpieData maximum SpaceGroupNumber,MAGPIE,SpaceGroupNumber,maximum,space-group number,,maximum,"Elemental space-group number, maximum (MAGPIE)"
MagpieData range SpaceGroupNumber,MAGPIE,SpaceGroupNumber,range,space-group number,,range,"Elemental space-group number, range (MAGPIE)"
MagpieData mean SpaceGroupNumber,MAGPIE,SpaceGroupNumber,mean,space-group number,,mean,"Elemental space-group number, mean (MAGPIE)"
MagpieData avg_dev SpaceGroupNumber,MAGPIE,SpaceGroupNumber,avg_dev,space-group number,,mean abs. deviation,"Elemental space-group number, mean abs. deviation (MAGPIE)"
MagpieData mode SpaceGroupNumber,MAGPIE,SpaceGroupNumber,mode,space-group number,,mode,"Elemental space-group number, mode (MAGPIE)"
CBFV_avg_Atomic_Number,CBFV,Atomic_Number,avg,atomic number,,mean,"Elemental atomic number, mean (CBFV)"
CBFV_avg_Atomic_Weight,CBFV,Atomic_Weight,avg,atomic weight,u,mean,"Elemental atomic weight, mean (CBFV)"
CBFV_avg_Period,CBFV,Period,avg,period,,mean,"Elemental period, mean (CBFV)"
CBFV_avg_group,CBFV,group,avg,group,,mean,"Elemental group, mean (CBFV)"
CBFV_avg_families,CBFV,families,avg,family code,,mean,"Elemental family code, mean (CBFV)"
CBFV_avg_Metal,CBFV,Metal,avg,metal flag,,mean,"Elemental metal flag, mean (CBFV)"
CBFV_avg_Nonmetal,CBFV,Nonmetal,avg,nonmetal flag,,mean,"Elemental nonmetal flag, mean (CBFV)"
CBFV_avg_Metalliod,CBFV,Metalliod,avg,metalloid flag,,mean,"Elemental metalloid flag, mean (CBFV)"
CBFV_avg_Mendeleev_Number,CBFV,Mendeleev_Number,avg,Mendeleev number,,mean,"Elemental Mendeleev number, mean (CBFV)"
CBFV_avg_l_quantum_number,CBFV,l_quantum_number,avg,orbital quantum number l,,mean,"Elemental orbital quantum number l, mean (CBFV)"
CBFV_avg_Atomic_Radius,CBFV,Atomic_Radius,avg,atomic radius,,mean,"Elemental atomic radius, mean (CBFV)"
CBFV_avg_Miracle_Radius_[pm],CBFV,Miracle_Radius_[pm],avg,Miracle radius,pm,mean,"Elemental Miracle radius, mean (CBFV)"
CBFV_avg_Covalent_Radius,CBFV,Covalent_Radius,avg,covalent radius,,mean,"Elemental covalent radius, mean (CBFV)"
CBFV_avg_Zunger_radii_sum,CBFV,Zunger_radii_sum,avg,Zunger radii sum,,mean,"Elemental Zunger radii sum, mean (CBFV)"
CBFV_avg_ionic_radius,CBFV,ionic_radius,avg,ionic radius,,mean,"Elemental ionic radius, mean (CBFV)"
CBFV_avg_crystal_radius,CBFV,crystal_radius,avg,crystal radius,,mean,"Elemental crystal radius, mean (CBFV)"
CBFV_avg_Pauling_Electronegativity,CBFV,Pauling_Electronegativity,avg,Pauling electronegativity,,mean,"Elemental Pauling electronegativity, mean (CBFV)"
CBFV_avg_MB_electonegativity,CBFV,MB_electonegativity,avg,MB electronegativity,,mean,"Elemental MB electronegativity, mean (CBFV)"
CBFV_avg_Gordy_electonegativity,CBFV,Gordy_electonegativity,avg,Gordy electronegativity,,mean,"Elemental Gordy electronegativity, mean (CBFV)"
CBFV_avg_Mulliken_EN,CBFV,Mulliken_EN,avg,Mulliken electronegativity,,mean,"Elemental Mulliken electronegativity, mean (CBFV)"
CBFV_avg_Allred-Rockow_electronegativity,CBFV,Allred-Rockow_electronegativity,avg,Allred-Rochow electronegativity,,mean,"Elemental Allred-Rochow electronegativity, mean (CBFV)"
CBFV_avg_metallic_valence,CBFV,metallic_valence,avg,metallic valence,,mean,"Elemental metallic valence, mean (CBFV)"
CBFV_avg_number_of_valence_electrons,CBFV,number_of_valence_electrons,avg,number of valence electrons,,mean,"Elemental number of valence electrons, mean (CBFV)"
CBFV_avg_gilmor_number_of_valence_electron,CBFV,gilmor_number_of_valence_electron,avg,Gilmor number of valence electrons,,mean,"Elemental Gilmor number of valence electrons, mean (CBFV)"
CBFV_avg_valence_s,CBFV,valence_s,avg,s valence electrons,,mean,"Elemental s valence electrons, mean (CBFV)"
CBFV_avg_valence_p,CBFV,valence_p,avg,p valence electrons,,mean,"Elemental p valence electrons, mean (CBFV)"
CBFV_avg_valence_d,CBFV,valence_d,avg,d valence electrons,,mean,"Elemental d valence electrons, mean (CBFV)"
CBFV_avg_valence_f,CBFV,valence_f,avg,f valence electrons,,mean,"Elemental f valence electrons, mean (CBFV)"
CBFV_avg_Number_of_unfilled_s_valence_electrons,CBFV,Number_of_unfilled_s_valence_electrons,avg,unfilled s valence electrons,,mean,"Elemental unfilled s valence electrons, mean (CBFV)"
CBFV_avg_Number_of_unfilled_p_valence_electrons,CBFV,Number_of_unfilled_p_valence_electrons,avg,unfilled p valence electrons,,mean,"Elemental unfilled p valence electrons, mean (CBFV)"
CBFV_avg_Number_of_unfilled_d_valence_electrons,CBFV,Number_of_unfilled_d_valence_electrons,avg,unfilled d valence electrons,,mean,"Elemental unfilled d valence electrons, mean (CBFV)"
CBFV_avg_Number_of_unfilled_f_valence_electrons,CBFV,Number_of_unfilled_f_valence_electrons,avg,unfilled f valence electrons,,mean,"Elemental unfilled f valence electrons, mean (CBFV)"
CBFV_avg_outer_shell_electrons,CBFV,outer_shell_electrons,avg,outer-shell electrons,,mean,"Elemental outer-shell electrons, mean (CBFV)"
CBFV_avg_1st_ionization_potential_(kJ/mol),CBFV,1st_ionization_potential_(kJ/mol),avg,1st ionization potential,kJ/mol,mean,"Elemental 1st ionization potential, mean (CBFV)"
CBFV_avg_polarizability(A^3),CBFV,polarizability(A^3),avg,polarizability,A^3,mean,"Elemental polarizability, mean (CBFV)"
CBFV_avg_Melting_point_(K),CBFV,Melting_point_(K),avg,melting point,K,mean,"Elemental melting point, mean (CBFV)"
CBFV_avg_Boiling_Point_(K),CBFV,Boiling_Point_(K),avg,boiling point,K,mean,"Elemental boiling point, mean (CBFV)"
CBFV_avg_Density_(g/mL),CBFV,Density_(g/mL),avg,density,g/mL,mean,"Elemental density, mean (CBFV)"
CBFV_avg_specific_heat_(J/g_K)_,CBFV,specific_heat_(J/g_K)_,avg,specific heat,J/(g K),mean,"Elemental specific heat, mean (CBFV)"
CBFV_avg_heat_of_fusion_(kJ/mol)_,CBFV,heat_of_fusion_(kJ/mol)_,avg,heat of fusion,kJ/mol,mean,"Elemental heat of fusion, mean (CBFV)"
CBFV_avg_heat_of_vaporization_(kJ/mol)_,CBFV,heat_of_vaporization_(kJ/mol)_,avg,heat of vaporization,kJ/mol,mean,"Elemental heat of vaporization, mean (CBFV)"
CBFV_avg_thermal_conductivity_(W/(m_K))_,CBFV,thermal_conductivity_(W/(m_K))_,avg,thermal conductivity,W/(m K),mean,"Elemental thermal conductivity, mean (CBFV)"
CBFV_avg_heat_atomization(kJ/mol),CBFV,heat_atomization(kJ/mol),avg,heat of atomization,kJ/mol,mean,"Elemental heat of atomization, mean (CBFV)"
CBFV_avg_Cohesive_energy,CBFV,Cohesive_energy,avg,cohesive energy,,mean,"Elemental cohesive energy, mean (CBFV)"
CBFV_dev_Atomic_Number,CBFV,Atomic_Number,dev,atomic number,,mean abs. deviation,"Elemental atomic number, mean abs. deviation (CBFV)"
CBFV_dev_Atomic_Weight,CBFV,Atomic_Weight,dev,atomic weight,u,mean abs. deviation,"Elemental atomic weight, mean abs. deviation (CBFV)"
CBFV_dev_Period,CBFV,Period,dev,period,,mean abs. deviation,"Elemental period, mean abs. deviation (CBFV)"
CBFV_dev_group,CBFV,group,dev,group,,mean abs. deviation,"Elemental group, mean abs. deviation (CBFV)"
CBFV_dev_families,CBFV,families,dev,family code,,mean abs. deviation,"Elemental family code, mean abs. deviation (CBFV)"
CBFV_dev_Metal,CBFV,Metal,dev,metal flag,,mean abs. deviation,"Elemental metal flag, mean abs. deviation (CBFV)"
CBFV_dev_Nonmetal,CBFV,Nonmetal,dev,nonmetal flag,,mean abs. deviation,"Elemental nonmetal flag, mean abs. deviation (CBFV)"
CBFV_dev_Metalliod,CBFV,Metalliod,dev,metalloid flag,,mean abs. deviation,"Elemental metalloid flag, mean abs. deviation (CBFV)"
CBFV_dev_Mendeleev_Number,CBFV,Mendeleev_Number,dev,Mendeleev number,,mean abs. deviation,"Elemental Mendeleev number, mean abs. deviation (CBFV)"
CBFV_dev_l_quantum_number,CBFV,l_quantum_number,dev,orbital quantum number l,,mean abs. deviation,"Elemental orbital quantum number l, mean abs. deviation (CBFV)"
CBFV_dev_Atomic_Radius,CBFV,Atomic_Radius,dev,atomic radius,,mean abs. deviation,"Elemental atomic radius, mean abs. deviation (CBFV)"
CBFV_dev_Miracle_Radius_[pm],CBFV,Miracle_Radius_[pm],dev,Miracle radius,pm,mean abs. deviation,"Elemental Miracle radius, mean abs. deviation (CBFV)"
CBFV_dev_Covalent_Radius,CBFV,Covalent_Radius,dev,covalent radius,,mean abs. deviation,"Elemental covalent radius, mean abs. deviation (CBFV)"
CBFV_dev_Zunger_radii_sum,CBFV,Zunger_radii_sum,dev,Zunger radii sum,,mean abs. deviation,"Elemental Zunger radii sum, mean abs. deviation (CBFV)"
CBFV_dev_ionic_radius,CBFV,ionic_radius,dev,ionic radius,,mean abs. deviation,"Elemental ionic radius, mean abs. deviation (CBFV)"
CBFV_dev_crystal_radius,CBFV,crystal_radius,dev,crystal radius,,mean abs. deviation,"Elemental crystal radius, mean abs. deviation (CBFV)"
CBFV_dev_Pauling_Electronegativity,CBFV,Pauling_Electronegativity,dev,Pauling electronegativity,,mean abs. deviation,"Elemental Pauling electronegativity, mean abs. deviation (CBFV)"
CBFV_dev_MB_electonegativity,CBFV,MB_electonegativity,dev,MB electronegativity,,mean abs. deviation,"Elemental MB electronegativity, mean abs. deviation (CBFV)"
CBFV_dev_Gordy_electonegativity,CBFV,Gordy_electonegativity,dev,Gordy electronegativity,,mean abs. deviation,"Elemental Gordy electronegativity, mean abs. deviation (CBFV)"
CBFV_dev_Mulliken_EN,CBFV,Mulliken_EN,dev,Mulliken electronegativity,,mean abs. deviation,"Elemental Mulliken electronegativity, mean abs. deviation (CBFV)"
CBFV_dev_Allred-Rockow_electronegativity,CBFV,Allred-Rockow_electronegativity,dev,Allred-Rochow electronegativity,,mean abs. deviation,"Elemental Allred-Rochow electronegativity, mean abs. deviation (CBFV)"
CBFV_dev_metallic_valence,CBFV,metallic_valence,dev,metallic valence,,mean abs. deviation,"Elemental metallic valence, mean abs. deviation (CBFV)"
CBFV_dev_number_of_valence_electrons,CBFV,number_of_valence_electrons,dev,number of valence electrons,,mean abs. deviation,"Elemental number of valence electrons, mean abs. deviation (CBFV)"
CBFV_dev_gilmor_number_of_valence_electron,CBFV,gilmor_number_of_valence_electron,dev,Gilmor number of valence electrons,,mean abs. deviation,"Elemental Gilmor number of valence electrons, mean abs. deviation (CBFV)"
CBFV_dev_valence_s,CBFV,valence_s,dev,s valence electrons,,mean abs. deviation,"Elemental s valence electrons, mean abs. deviation (CBFV)"
CBFV_dev_valence_p,CBFV,valence_p,dev,p valence electrons,,mean abs. deviation,"Elemental p valence electrons, mean abs. deviation (CBFV)"
CBFV_dev_valence_d,CBFV,valence_d,dev,d valence electrons,,mean abs. deviation,"Elemental d valence electrons, mean abs. deviation (CBFV)"
CBFV_dev_valence_f,CBFV,valence_f,dev,f valence electrons,,mean abs. deviation,"Elemental f valence electrons, mean abs. deviation (CBFV)"
CBFV_dev_Number_of_unfilled_s_valence_electrons,CBFV,Number_of_unfilled_s_valence_electrons,dev,unfilled s valence electrons,,mean abs. deviation,"Elemental unfilled s valence electrons, mean abs. deviation (CBFV)"
CBFV_dev_Number_of_unfilled_p_valence_electrons,CBFV,Number_of_unfilled_p_valence_electrons,dev,unfilled p valence electrons,,mean abs. deviation,"Elemental unfilled p valence electrons, mean abs. deviation (CBFV)"
CBFV_dev_Number_of_unfilled_d_valence_electrons,CBFV,Number_of_unfilled_d_valence_electrons,dev,unfilled d valence electrons,,mean abs. deviation,"Elemental unfilled d valence electrons, mean abs. deviation (CBFV)"
CBFV_dev_Number_of_unfilled_f_valence_electrons,CBFV,Number_of_unfilled_f_valence_electrons,dev,unfilled f valence electrons,,mean abs. deviation,"Elemental unfilled f valence electrons, mean abs. deviation (CBFV)"
CBFV_dev_outer_shell_electrons,CBFV,outer_shell_electrons,dev,outer-shell electrons,,mean abs. deviation,"Elemental outer-shell electrons, mean abs. deviation (CBFV)"
CBFV_dev_1st_ionization_potential_(kJ/mol),CBFV,1st_ionization_potential_(kJ/mol),dev,1st ionization potential,kJ/mol,mean abs. deviation,"Elemental 1st ionization potential, mean abs. deviation (CBFV)"
CBFV_dev_polarizability(A^3),CBFV,polarizability(A^3),dev,polarizability,A^3,mean abs. deviation,"Elemental polarizability, mean abs. deviation (CBFV)"
CBFV_dev_Melting_point_(K),CBFV,Melting_point_(K),dev,melting point,K,mean abs. deviation,"Elemental melting point, mean abs. deviation (CBFV)"
CBFV_dev_Boiling_Point_(K),CBFV,Boiling_Point_(K),dev,boiling point,K,mean abs. deviation,"Elemental boiling point, mean abs. deviation (CBFV)"
CBFV_dev_Density_(g/mL),CBFV,Density_(g/mL),dev,density,g/mL,mean abs. deviation,"Elemental density, mean abs. deviation (CBFV)"
CBFV_dev_specific_heat_(J/g_K)_,CBFV,specific_heat_(J/g_K)_,dev,specific heat,J/(g K),mean abs. deviation,"Elemental specific heat, mean abs. deviation (CBFV)"
CBFV_dev_heat_of_fusion_(kJ/mol)_,CBFV,heat_of_fusion_(kJ/mol)_,dev,heat of fusion,kJ/mol,mean abs. deviation,"Elemental heat of fusion, mean abs. deviation (CBFV)"
CBFV_dev_heat_of_vaporization_(kJ/mol)_,CBFV,heat_of_vaporization_(kJ/mol)_,dev,heat of vaporization,kJ/mol,mean abs. deviation,"Elemental heat of vaporization, mean abs. deviation (CBFV)"
CBFV_dev_thermal_conductivity_(W/(m_K))_,CBFV,thermal_conductivity_(W/(m_K))_,dev,thermal conductivity,W/(m K),mean abs. deviation,"Elemental thermal conductivity, mean abs. deviation (CBFV)"
CBFV_dev_heat_atomization(kJ/mol),CBFV,heat_atomization(kJ/mol),dev,heat of atomization,kJ/mol,mean abs. deviation,"Elemental heat of atomization, mean abs. deviation (CBFV)"
CBFV_dev_Cohesive_energy,CBFV,Cohesive_energy,dev,cohesive energy,,mean abs. deviation,"Elemental cohesive energy, mean abs. deviation (CBFV)"
CBFV_range_Atomic_Number,CBFV,Atomic_Number,range,atomic number,,range,"Elemental atomic number, range (CBFV)"
CBFV_range_Atomic_Weight,CBFV,Atomic_Weight,range,atomic weight,u,range,"Elemental atomic weight, range (CBFV)"
CBFV_range_Period,CBFV,Period,range,period,,range,"Elemental period, range (CBFV)"
CBFV_range_group,CBFV,group,range,group,,range,"Elemental group, range (CBFV)"
CBFV_range_families,CBFV,families,range,family code,,range,"Elemental family code, range (CBFV)"
CBFV_range_Metal,CBFV,Metal,range,metal flag,,range,"Elemental metal flag, range (CBFV)"
CBFV_range_Nonmetal,CBFV,Nonmetal,range,nonmetal flag,,range,"Elemental nonmetal flag, range (CBFV)"
CBFV_range_Metalliod,CBFV,Metalliod,range,metalloid flag,,range,"Elemental metalloid flag, range (CBFV)"
CBFV_range_Mendeleev_Number,CBFV,Mendeleev_Number,range,Mendeleev number,,range,"Elemental Mendeleev number, range (CBFV)"
CBFV_range_l_quantum_number,CBFV,l_quantum_number,range,orbital quantum number l,,range,"Elemental orbital quantum number l, range (CBFV)"
CBFV_range_Atomic_Radius,CBFV,Atomic_Radius,range,atomic radius,,range,"Elemental atomic radius, range (CBFV)"
CBFV_range_Miracle_Radius_[pm],CBFV,Miracle_Radius_[pm],range,Miracle radius,pm,range,"Elemental Miracle radius, range (CBFV)"
CBFV_range_Covalent_Radius,CBFV,Covalent_Radius,range,covalent radius,,range,"Elemental covalent radius, range (CBFV)"
CBFV_range_Zunger_radii_sum,CBFV,Zunger_radii_sum,range,Zunger radii sum,,range,"Elemental Zunger radii sum, range (CBFV)"
CBFV_range_ionic_radius,CBFV,ionic_radius,range,ionic radius,,range,"Elemental ionic radius, range (CBFV)"
CBFV_range_crystal_radius,CBFV,crystal_radius,range,crystal radius,,range,"Elemental crystal radius, range (CBFV)"
CBFV_range_Pauling_Electronegativity,CBFV,Pauling_Electronegativity,range,Pauling electronegativity,,range,"Elemental Pauling electronegativity, range (CBFV)"
CBFV_range_MB_electonegativity,CBFV,MB_electonegativity,range,MB electronegativity,,range,"Elemental MB electronegativity, range (CBFV)"
CBFV_range_Gordy_electonegativity,CBFV,Gordy_electonegativity,range,Gordy electronegativity,,range,"Elemental Gordy electronegativity, range (CBFV)"
CBFV_range_Mulliken_EN,CBFV,Mulliken_EN,range,Mulliken electronegativity,,range,"Elemental Mulliken electronegativity, range (CBFV)"
CBFV_range_Allred-Rockow_electronegativity,CBFV,Allred-Rockow_electronegativity,range,Allred-Rochow electronegativity,,range,"Elemental Allred-Rochow electronegativity, range (CBFV)"
CBFV_range_metallic_valence,CBFV,metallic_valence,range,metallic valence,,range,"Elemental metallic valence, range (CBFV)"
CBFV_range_number_of_valence_electrons,CBFV,number_of_valence_electrons,range,number of valence electrons,,range,"Elemental number of valence electrons, range (CBFV)"
CBFV_range_gilmor_number_of_valence_electron,CBFV,gilmor_number_of_valence_electron,range,Gilmor number of valence electrons,,range,"Elemental Gilmor number of valence electrons, range (CBFV)"
CBFV_range_valence_s,CBFV,valence_s,range,s valence electrons,,range,"Elemental s valence electrons, range (CBFV)"
CBFV_range_valence_p,CBFV,valence_p,range,p valence electrons,,range,"Elemental p valence electrons, range (CBFV)"
CBFV_range_valence_d,CBFV,valence_d,range,d valence electrons,,range,"Elemental d valence electrons, range (CBFV)"
CBFV_range_valence_f,CBFV,valence_f,range,f valence electrons,,range,"Elemental f valence electrons, range (CBFV)"
CBFV_range_Number_of_unfilled_s_valence_electrons,CBFV,Number_of_unfilled_s_valence_electrons,range,unfilled s valence electrons,,range,"Elemental unfilled s valence electrons, range (CBFV)"
CBFV_range_Number_of_unfilled_p_valence_electrons,CBFV,Number_of_unfilled_p_valence_electrons,range,unfilled p valence electrons,,range,"Elemental unfilled p valence electrons, range (CBFV)"
CBFV_range_Number_of_unfilled_d_valence_electrons,CBFV,Number_of_unfilled_d_valence_electrons,range,unfilled d valence electrons,,range,"Elemental unfilled d valence electrons, range (CBFV)"
CBFV_range_Number_of_unfilled_f_valence_electrons,CBFV,Number_of_unfilled_f_valence_electrons,range,unfilled f valence electrons,,range,"Elemental unfilled f valence electrons, range (CBFV)"
CBFV_range_outer_shell_electrons,CBFV,outer_shell_electrons,range,outer-shell electrons,,range,"Elemental outer-shell electrons, range (CBFV)"
CBFV_range_1st_ionization_potential_(kJ/mol),CBFV,1st_ionization_potential_(kJ/mol),range,1st ionization potential,kJ/mol,range,"Elemental 1st ionization potential, range (CBFV)"
CBFV_range_polarizability(A^3),CBFV,polarizability(A^3),range,polarizability,A^3,range,"Elemental polarizability, range (CBFV)"
CBFV_range_Melting_point_(K),CBFV,Melting_point_(K),range,melting point,K,range,"Elemental melting point, range (CBFV)"
CBFV_range_Boiling_Point_(K),CBFV,Boiling_Point_(K),range,boiling point,K,range,"Elemental boiling point, range (CBFV)"
CBFV_range_Density_(g/mL),CBFV,Density_(g/mL),range,density,g/mL,range,"Elemental density, range (CBFV)"
CBFV_range_specific_heat_(J/g_K)_,CBFV,specific_heat_(J/g_K)_,range,specific heat,J/(g K),range,"Elemental specific heat, range (CBFV)"
CBFV_range_heat_of_fusion_(kJ/mol)_,CBFV,heat_of_fusion_(kJ/mol)_,range,heat of fusion,kJ/mol,range,"Elemental heat of fusion, range (CBFV)"
CBFV_range_heat_of_vaporization_(kJ/mol)_,CBFV,heat_of_vaporization_(kJ/mol)_,range,heat of vaporization,kJ/mol,range,"Elemental heat of vaporization, range (CBFV)"
CBFV_range_thermal_conductivity_(W/(m_K))_,CBFV,thermal_conductivity_(W/(m_K))_,range,thermal conductivity,W/(m K),range,"Elemental thermal conductivity, range (CBFV)"
CBFV_range_heat_atomization(kJ/mol),CBFV,heat_atomization(kJ/mol),range,heat of atomization,kJ/mol,range,"Elemental heat of atomization, range (CBFV)"
CBFV_range_Cohesive_energy,CBFV,Cohesive_energy,range,cohesive energy,,range,"Elemental cohesive energy, range (CBFV)"
CBFV_max_Atomic_Number,CBFV,Atomic_Number,max,atomic number,,maximum,"Elemental atomic number, maximum (CBFV)"
CBFV_max_Atomic_Weight,CBFV,Atomic_Weight,max,atomic weight,u,maximum,"Elemental atomic weight, maximum (CBFV)"
CBFV_max_Period,CBFV,Period,max,period,,maximum,"Elemental period, maximum (CBFV)"
CBFV_max_group,CBFV,group,max,group,,maximum,"Elemental group, maximum (CBFV)"
CBFV_max_families,CBFV,families,max,family code,,maximum,"Elemental family code, maximum (CBFV)"
CBFV_max_Metal,CBFV,Metal,max,metal flag,,maximum,"Elemental metal flag, maximum (CBFV)"
CBFV_max_Nonmetal,CBFV,Nonmetal,max,nonmetal flag,,maximum,"Elemental nonmetal flag, maximum (CBFV)"
CBFV_max_Metalliod,CBFV,Metalliod,max,metalloid flag,,maximum,"Elemental metalloid flag, maximum (CBFV)"
CBFV_max_Mendeleev_Number,CBFV,Mendeleev_Number,max,Mendeleev number,,maximum,"Elemental Mendeleev number, maximum (CBFV)"
CBFV_max_l_quantum_number,CBFV,l_quantum_number,max,orbital quantum number l,,maximum,"Elemental orbital quantum number l, maximum (CBFV)"
CBFV_max_Atomic_Radius,CBFV,Atomic_Radius,max,atomic radius,,maximum,"Elemental atomic radius, maximum (CBFV)"
CBFV_max_Miracle_Radius_[pm],CBFV,Miracle_Radius_[pm],max,Miracle radius,pm,maximum,"Elemental Miracle radius, maximum (CBFV)"
CBFV_max_Covalent_Radius,CBFV,Covalent_Radius,max,covalent radius,,maximum,"Elemental covalent radius, maximum (CBFV)"
CBFV_max_Zunger_radii_sum,CBFV,Zunger_radii_sum,max,Zunger radii sum,,maximum,"Elemental Zunger radii sum, maximum (CBFV)"
CBFV_max_ionic_radius,CBFV,ionic_radius,max,ionic radius,,maximum,"Elemental ionic radius, maximum (CBFV)"
CBFV_max_crystal_radius,CBFV,crystal_radius,max,crystal radius,,maximum,"Elemental crystal radius, maximum (CBFV)"
CBFV_max_Pauling_Electronegativity,CBFV,Pauling_Electronegativity,max,Pauling electronegativity,,maximum,"Elemental Pauling electronegativity, maximum (CBFV)"
CBFV_max_MB_electonegativity,CBFV,MB_electonegativity,max,MB electronegativity,,maximum,"Elemental MB electronegativity, maximum (CBFV)"
CBFV_max_Gordy_electonegativity,CBFV,Gordy_electonegativity,max,Gordy electronegativity,,maximum,"Elemental Gordy electronegativity, maximum (CBFV)"
CBFV_max_Mulliken_EN,CBFV,Mulliken_EN,max,Mulliken electronegativity,,maximum,"Elemental Mulliken electronegativity, maximum (CBFV)"
CBFV_max_Allred-Rockow_electronegativity,CBFV,Allred-Rockow_electronegativity,max,Allred-Rochow electronegativity,,maximum,"Elemental Allred-Rochow electronegativity, maximum (CBFV)"
CBFV_max_metallic_valence,CBFV,metallic_valence,max,metallic valence,,maximum,"Elemental metallic valence, maximum (CBFV)"
CBFV_max_number_of_valence_electrons,CBFV,number_of_valence_electrons,max,number of valence electrons,,maximum,"Elemental number of valence electrons, maximum (CBFV)"
CBFV_max_gilmor_number_of_valence_electron,CBFV,gilmor_number_of_valence_electron,max,Gilmor number of valence electrons,,maximum,"Elemental Gilmor number of valence electrons, maximum (CBFV)"
CBFV_max_valence_s,CBFV,valence_s,max,s valence electrons,,maximum,"Elemental s valence electrons, maximum (CBFV)"
CBFV_max_valence_p,CBFV,valence_p,max,p valence electrons,,maximum,"Elemental p valence electrons, maximum (CBFV)"
CBFV_max_valence_d,CBFV,valence_d,max,d valence electrons,,maximum,"Elemental d valence electrons, maximum (CBFV)"
CBFV_max_valence_f,CBFV,valence_f,max,f valence electrons,,maximum,"Elemental f valence electrons, maximum (CBFV)"
CBFV_max_Number_of_unfilled_s_valence_electrons,CBFV,Number_of_unfilled_s_valence_electrons,max,unfilled s valence electrons,,maximum,"Elemental unfilled s valence electrons, maximum (CBFV)"
CBFV_max_Number_of_unfilled_p_valence_electrons,CBFV,Number_of_unfilled_p_valence_electrons,max,unfilled p valence electrons,,maximum,"Elemental unfilled p valence electrons, maximum (CBFV)"
CBFV_max_Number_of_unfilled_d_valence_electrons,CBFV,Number_of_unfilled_d_valence_electrons,max,unfilled d valence electrons,,maximum,"Elemental unfilled d valence electrons, maximum (CBFV)"
CBFV_max_Number_of_unfilled_f_valence_electrons,CBFV,Number_of_unfilled_f_valence_electrons,max,unfilled f valence electrons,,maximum,"Elemental unfilled f valence electrons, maximum (CBFV)"
CBFV_max_outer_shell_electrons,CBFV,outer_shell_electrons,max,outer-shell electrons,,maximum,"Elemental outer-shell electrons, maximum (CBFV)"
CBFV_max_1st_ionization_potential_(kJ/mol),CBFV,1st_ionization_potential_(kJ/mol),max,1st ionization potential,kJ/mol,maximum,"Elemental 1st ionization potential, maximum (CBFV)"
CBFV_max_polarizability(A^3),CBFV,polarizability(A^3),max,polarizability,A^3,maximum,"Elemental polarizability, maximum (CBFV)"
CBFV_max_Melting_point_(K),CBFV,Melting_point_(K),max,melting point,K,maximum,"Elemental melting point, maximum (CBFV)"
CBFV_max_Boiling_Point_(K),CBFV,Boiling_Point_(K),max,boiling point,K,maximum,"Elemental boiling point, maximum (CBFV)"
CBFV_max_Density_(g/mL),CBFV,Density_(g/mL),max,density,g/mL,maximum,"Elemental density, maximum (CBFV)"
CBFV_max_specific_heat_(J/g_K)_,CBFV,specific_heat_(J/g_K)_,max,specific heat,J/(g K),maximum,"Elemental specific heat, maximum (CBFV)"
CBFV_max_heat_of_fusion_(kJ/mol)_,CBFV,heat_of_fusion_(kJ/mol)_,max,heat of fusion,kJ/mol,maximum,"Elemental heat of fusion, maximum (CBFV)"
CBFV_max_heat_of_vaporization_(kJ/mol)_,CBFV,heat_of_vaporization_(kJ/mol)_,max,heat of vaporization,kJ/mol,maximum,"Elemental heat of vaporization, maximum (CBFV)"
CBFV_max_thermal_conductivity_(W/(m_K))_,CBFV,thermal_conductivity_(W/(m_K))_,max,thermal conductivity,W/(m K),maximum,"Elemental thermal conductivity, maximum (CBFV)"
CBFV_max_heat_atomization(kJ/mol),CBFV,heat_atomization(kJ/mol),max,heat of atomization,kJ/mol,maximum,"Elemental heat of atomization, maximum (CBFV)"
CBFV_max_Cohesive_energy,CBFV,Cohesive_energy,max,cohesive energy,,maximum,"Elemental cohesive energy, maximum (CBFV)"
CBFV_min_Atomic_Number,CBFV,Atomic_Number,min,atomic number,,minimum,"Elemental atomic number, minimum (CBFV)"
CBFV_min_Atomic_Weight,CBFV,Atomic_Weight,min,atomic weight,u,minimum,"Elemental atomic weight, minimum (CBFV)"
CBFV_min_Period,CBFV,Period,min,period,,minimum,"Elemental period, minimum (CBFV)"
CBFV_min_group,CBFV,group,min,group,,minimum,"Elemental group, minimum (CBFV)"
CBFV_min_families,CBFV,families,min,family code,,minimum,"Elemental family code, minimum (CBFV)"
CBFV_min_Metal,CBFV,Metal,min,metal flag,,minimum,"Elemental metal flag, minimum (CBFV)"
CBFV_min_Nonmetal,CBFV,Nonmetal,min,nonmetal flag,,minimum,"Elemental nonmetal flag, minimum (CBFV)"
CBFV_min_Metalliod,CBFV,Metalliod,min,metalloid flag,,minimum,"Elemental metalloid flag, minimum (CBFV)"
CBFV_min_Mendeleev_Number,CBFV,Mendeleev_Number,min,Mendeleev number,,minimum,"Elemental Mendeleev number, minimum (CBFV)"
CBFV_min_l_quantum_number,CBFV,l_quantum_number,min,orbital quantum number l,,minimum,"Elemental orbital quantum number l, minimum (CBFV)"
CBFV_min_Atomic_Radius,CBFV,Atomic_Radius,min,atomic radius,,minimum,"Elemental atomic radius, minimum (CBFV)"
CBFV_min_Miracle_Radius_[pm],CBFV,Miracle_Radius_[pm],min,Miracle radius,pm,minimum,"Elemental Miracle radius, minimum (CBFV)"
CBFV_min_Covalent_Radius,CBFV,Covalent_Radius,min,covalent radius,,minimum,"Elemental covalent radius, minimum (CBFV)"
CBFV_min_Zunger_radii_sum,CBFV,Zunger_radii_sum,min,Zunger radii sum,,minimum,"Elemental Zunger radii sum, minimum (CBFV)"
CBFV_min_ionic_radius,CBFV,ionic_radius,min,ionic radius,,minimum,"Elemental ionic radius, minimum (CBFV)"
CBFV_min_crystal_radius,CBFV,crystal_radius,min,crystal radius,,minimum,"Elemental crystal radius, minimum (CBFV)"
CBFV_min_Pauling_Electronegativity,CBFV,Pauling_Electronegativity,min,Pauling electronegativity,,minimum,"Elemental Pauling electronegativity, minimum (CBFV)"
CBFV_min_MB_electonegativity,CBFV,MB_electonegativity,min,MB electronegativity,,minimum,"Elemental MB electronegativity, minimum (CBFV)"
CBFV_min_Gordy_electonegativity,CBFV,Gordy_electonegativity,min,Gordy electronegativity,,minimum,"Elemental Gordy electronegativity, minimum (CBFV)"
CBFV_min_Mulliken_EN,CBFV,Mulliken_EN,min,Mulliken electronegativity,,minimum,"Elemental Mulliken electronegativity, minimum (CBFV)"
CBFV_min_Allred-Rockow_electronegativity,CBFV,Allred-Rockow_electronegativity,min,Allred-Rochow electronegativity,,minimum,"Elemental Allred-Rochow electronegativity, minimum (CBFV)"
CBFV_min_metallic_valence,CBFV,metallic_valence,min,metallic valence,,minimum,"Elemental metallic valence, minimum (CBFV)"
CBFV_min_number_of_valence_electrons,CBFV,number_of_valence_electrons,min,number of valence electrons,,minimum,"Elemental number of valence electrons, minimum (CBFV)"
CBFV_min_gilmor_number_of_valence_electron,CBFV,gilmor_number_of_valence_electron,min,Gilmor number of valence electrons,,minimum,"Elemental Gilmor number of valence electrons, minimum (CBFV)"
CBFV_min_valence_s,CBFV,valence_s,min,s valence electrons,,minimum,"Elemental s valence electrons, minimum (CBFV)"
CBFV_min_valence_p,CBFV,valence_p,min,p valence electrons,,minimum,"Elemental p valence electrons, minimum (CBFV)"
CBFV_min_valence_d,CBFV,valence_d,min,d valence electrons,,minimum,"Elemental d valence electrons, minimum (CBFV)"
CBFV_min_valence_f,CBFV,valence_f,min,f valence electrons,,minimum,"Elemental f valence electrons, minimum (CBFV)"
CBFV_min_Number_of_unfilled_s_valence_electrons,CBFV,Number_of_unfilled_s_valence_electrons,min,unfilled s valence electrons,,minimum,"Elemental unfilled s valence electrons, minimum (CBFV)"
CBFV_min_Number_of_unfilled_p_valence_electrons,CBFV,Number_of_unfilled_p_valence_electrons,min,unfilled p valence electrons,,minimum,"Elemental unfilled p valence electrons, minimum (CBFV)"
CBFV_min_Number_of_unfilled_d_valence_electrons,CBFV,Number_of_unfilled_d_valence_electrons,min,unfilled d valence electrons,,minimum,"Elemental unfilled d valence electrons, minimum (CBFV)"
CBFV_min_Number_of_unfilled_f_valence_electrons,CBFV,Number_of_unfilled_f_valence_electrons,min,unfilled f valence electrons,,minimum,"Elemental unfilled f valence electrons, minimum (CBFV)"
CBFV_min_outer_shell_electrons,CBFV,outer_shell_electrons,min,outer-shell electrons,,minimum,"Elemental outer-shell electrons, minimum (CBFV)"
CBFV_min_1st_ionization_potential_(kJ/mol),CBFV,1st_ionization_potential_(kJ/mol),min,1st ionization potential,kJ/mol,minimum,"Elemental 1st ionization potential, minimum (CBFV)"
CBFV_min_polarizability(A^3),CBFV,polarizability(A^3),min,polarizability,A^3,minimum,"Elemental polarizability, minimum (CBFV)"
CBFV_min_Melting_point_(K),CBFV,Melting_point_(K),min,melting point,K,minimum,"Elemental melting point, minimum (CBFV)"
CBFV_min_Boiling_Point_(K),CBFV,Boiling_Point_(K),min,boiling point,K,minimum,"Elemental boiling point, minimum (CBFV)"
CBFV_min_Density_(g/mL),CBFV,Density_(g/mL),min,density,g/mL,minimum,"Elemental density, minimum (CBFV)"
CBFV_min_specific_heat_(J/g_K)_,CBFV,specific_heat_(J/g_K)_,min,specific heat,J/(g K),minimum,"Elemental specific heat, minimum (CBFV)"
CBFV_min_heat_of_fusion_(kJ/mol)_,CBFV,heat_of_fusion_(kJ/mol)_,min,heat of fusion,kJ/mol,minimum,"Elemental heat of fusion, minimum (CBFV)"
CBFV_min_heat_of_vaporization_(kJ/mol)_,CBFV,heat_of_vaporization_(kJ/mol)_,min,heat of vaporization,kJ/mol,minimum,"Elemental heat of vaporization, minimum (CBFV)"
CBFV_min_thermal_conductivity_(W/(m_K))_,CBFV,thermal_conductivity_(W/(m_K))_,min,thermal conductivity,W/(m K),minimum,"Elemental thermal conductivity, minimum (CBFV)"
CBFV_min_heat_atomization(kJ/mol),CBFV,heat_atomization(kJ/mol),min,heat of atomization,kJ/mol,minimum,"Elemental heat of atomization, minimum (CBFV)"
CBFV_min_Cohesive_energy,CBFV,Cohesive_energy,min,cohesive energy,,minimum,"Elemental cohesive energy, minimum (CBFV)"
CBFV_mode_Atomic_Number,CBFV,Atomic_Number,mode,atomic number,,mode,"Elemental atomic number, mode (CBFV)"
CBFV_mode_Atomic_Weight,CBFV,Atomic_Weight,mode,atomic weight,u,mode,"Elemental atomic weight, mode (CBFV)"
CBFV_mode_Period,CBFV,Period,mode,period,,mode,"Elemental period, mode (CBFV)"
CBFV_mode_group,CBFV,group,mode,group,,mode,"Elemental group, mode (CBFV)"
CBFV_mode_families,CBFV,families,mode,family code,,mode,"Elemental family code, mode (CBFV)"
CBFV_mode_Metal,CBFV,Metal,mode,metal flag,,mode,"Elemental metal flag, mode (CBFV)"
CBFV_mode_Nonmetal,CBFV,Nonmetal,mode,nonmetal flag,,mode,"Elemental nonmetal flag, mode (CBFV)"
CBFV_mode_Metalliod,CBFV,Metalliod,mode,metalloid flag,,mode,"Elemental metalloid flag, mode (CBFV)"
CBFV_mode_Mendeleev_Number,CBFV,Mendeleev_Number,mode,Mendeleev number,,mode,"Elemental Mendeleev number, mode (CBFV)"
CBFV_mode_l_quantum_number,CBFV,l_quantum_number,mode,orbital quantum number l,,mode,"Elemental orbital quantum number l, mode (CBFV)"
CBFV_mode_Atomic_Radius,CBFV,Atomic_Radius,mode,atomic radius,,mode,"Elemental atomic radius, mode (CBFV)"
CBFV_mode_Miracle_Radius_[pm],CBFV,Miracle_Radius_[pm],mode,Miracle radius,pm,mode,"Elemental Miracle radius, mode (CBFV)"
CBFV_mode_Covalent_Radius,CBFV,Covalent_Radius,mode,covalent radius,,mode,"Elemental covalent radius, mode (CBFV)"
CBFV_mode_Zunger_radii_sum,CBFV,Zunger_radii_sum,mode,Zunger radii sum,,mode,"Elemental Zunger radii sum, mode (CBFV)"
CBFV_mode_ionic_radius,CBFV,ionic_radius,mode,ionic radius,,mode,"Elemental ionic radius, mode (CBFV)"
CBFV_mode_crystal_radius,CBFV,crystal_radius,mode,crystal radius,,mode,"Elemental crystal radius, mode (CBFV)"
CBFV_mode_Pauling_Electronegativity,CBFV,Pauling_Electronegativity,mode,Pauling electronegativity,,mode,"Elemental Pauling electronegativity, mode (CBFV)"
CBFV_mode_MB_electonegativity,CBFV,MB_electonegativity,mode,MB electronegativity,,mode,"Elemental MB electronegativity, mode (CBFV)"
CBFV_mode_Gordy_electonegativity,CBFV,Gordy_electonegativity,mode,Gordy electronegativity,,mode,"Elemental Gordy electronegativity, mode (CBFV)"
CBFV_mode_Mulliken_EN,CBFV,Mulliken_EN,mode,Mulliken electronegativity,,mode,"Elemental Mulliken electronegativity, mode (CBFV)"
CBFV_mode_Allred-Rockow_electronegativity,CBFV,Allred-Rockow_electronegativity,mode,Allred-Rochow electronegativity,,mode,"Elemental Allred-Rochow electronegativity, mode (CBFV)"
CBFV_mode_metallic_valence,CBFV,metallic_valence,mode,metallic valence,,mode,"Elemental metallic valence, mode (CBFV)"
CBFV_mode_number_of_valence_electrons,CBFV,number_of_valence_electrons,mode,number of valence electrons,,mode,"Elemental number of valence electrons, mode (CBFV)"
CBFV_mode_gilmor_number_of_valence_electron,CBFV,gilmor_number_of_valence_electron,mode,Gilmor number of valence electrons,,mode,"Elemental Gilmor number of valence electrons, mode (CBFV)"
CBFV_mode_valence_s,CBFV,valence_s,mode,s valence electrons,,mode,"Elemental s valence electrons, mode (CBFV)"
CBFV_mode_valence_p,CBFV,valence_p,mode,p valence electrons,,mode,"Elemental p valence electrons, mode (CBFV)"
CBFV_mode_valence_d,CBFV,valence_d,mode,d valence electrons,,mode,"Elemental d valence electrons, mode (CBFV)"
CBFV_mode_valence_f,CBFV,valence_f,mode,f valence electrons,,mode,"Elemental f valence electrons, mode (CBFV)"
CBFV_mode_Number_of_unfilled_s_valence_electrons,CBFV,Number_of_unfilled_s_valence_electrons,mode,unfilled s valence electrons,,mode,"Elemental unfilled s valence electrons, mode (CBFV)"
CBFV_mode_Number_of_unfilled_p_valence_electrons,CBFV,Number_of_unfilled_p_valence_electrons,mode,unfilled p valence electrons,,mode,"Elemental unfilled p valence electrons, mode (CBFV)"
CBFV_mode_Number_of_unfilled_d_valence_electrons,CBFV,Number_of_unfilled_d_valence_electrons,mode,unfilled d valence electrons,,mode,"Elemental unfilled d valence electrons, mode (CBFV)"
CBFV_mode_Number_of_unfilled_f_valence_electrons,CBFV,Number_of_unfilled_f_valence_electrons,mode,unfilled f valence electrons,,mode,"Elemental unfilled f valence electrons, mode (CBFV)"
CBFV_mode_outer_shell_electrons,CBFV,outer_shell_electrons,mode,outer-shell electrons,,mode,"Elemental outer-shell electrons, mode (CBFV)"
CBFV_mode_1st_ionization_potential_(kJ/mol),CBFV,1st_ionization_potential_(kJ/mol),mode,1st ionization potential,kJ/mol,mode,"Elemental 1st ionization potential, mode (CBFV)"
CBFV_mode_polarizability(A^3),CBFV,polarizability(A^3),mode,polarizability,A^3,mode,"Elemental polarizability, mode (CBFV)"
CBFV_mode_Melting_point_(K),CBFV,Melting_point_(K),mode,melting point,K,mode,"Elemental melting point, mode (CBFV)"
CBFV_mode_Boiling_Point_(K),CBFV,Boiling_Point_(K),mode,boiling point,K,mode,"Elemental boiling point, mode (CBFV)"
CBFV_mode_Density_(g/mL),CBFV,Density_(g/mL),mode,density,g/mL,mode,"Elemental density, mode (CBFV)"
CBFV_mode_specific_heat_(J/g_K)_,CBFV,specific_heat_(J/g_K)_,mode,specific heat,J/(g K),mode,"Elemental specific heat, mode (CBFV)"
CBFV_mode_heat_of_fusion_(kJ/mol)_,CBFV,heat_of_fusion_(kJ/mol)_,mode,heat of fusion,kJ/mol,mode,"Elemental heat of fusion, mode (CBFV)"
CBFV_mode_heat_of_vaporization_(kJ/mol)_,CBFV,heat_of_vaporization_(kJ/mol)_,mode,heat of vaporization,kJ/mol,mode,"Elemental heat of vaporization, mode (CBFV)"
CBFV_mode_thermal_conductivity_(W/(m_K))_,CBFV,thermal_conductivity_(W/(m_K))_,mode,thermal conductivity,W/(m K),mode,"Elemental thermal conductivity, mode (CBFV)"
CBFV_mode_heat_atomization(kJ/mol),CBFV,heat_atomization(kJ/mol),mode,heat of atomization,kJ/mol,mode,"Elemental heat of atomization, mode (CBFV)"
CBFV_mode_Cohesive_energy,CBFV,Cohesive_energy,mode,cohesive energy,,mode,"Elemental cohesive energy, mode (CBFV)"
temperature_bin,temperature,temperature_bin,,temperature,K,,Temperature
