target,repeat,fold,n_train,n_test,n_after_pearson,n_after_lasso,n_selected,lasso_alpha_index,lasso_alpha,warnings,warnings_inner_paths,final_refit_converged,r2_selected,r2_all397,delta_r2_selected_minus_all397,committed_rung_fold_r2,seconds_selected_fit,seconds_all397_fit,seconds_unit
S,0,0,148051,37013,253,190,25,18,0.07616127794514253,0,0,True,0.7478260956715399,0.7975013729388587,-0.049675277267318796,0.7975013729388587,13.346013739996124,8.707738280005287,999.6903608449938
S,0,1,148051,37013,253,202,25,19,0.047817798435743956,0,0,True,0.717921522916892,0.7677694570370275,-0.04984793412013544,0.7677694570370275,7.077652481006226,8.503113040991593,2057.475719028007
S,0,2,148051,37013,255,206,25,19,0.04445975197509817,0,0,True,0.7047487253350382,0.7540064049844806,-0.04925767964944239,0.7540064049844806,4.84460869099712,8.384686334000435,1723.6274197080056
S,0,3,148051,37013,255,138,25,14,0.297213626828554,0,0,True,0.716564230839775,0.7369788526538616,-0.020414621814086598,0.7369788526538616,4.79803860100219,8.612509225000395,274.2094889400032
S,0,4,148052,37012,253,191,25,18,0.07198683544864197,0,0,True,0.6548400484455541,0.7231257513643143,-0.06828570291876024,0.7231257513643143,5.545043395002722,8.634401636998518,942.0436684909946
S,1,0,148051,37013,254,182,25,17,0.10536579748859103,0,0,True,0.6720015488063609,0.7369795706850122,-0.06497802187865132,0.7369795706850122,4.689546763009275,8.586394039011793,647.3583964360005
S,1,1,148051,37013,254,137,25,14,0.3171280870751249,0,0,True,0.7634813517016829,0.7864378283204934,-0.022956476618810506,0.7864378283204934,4.782383226003731,8.53529730399896,250.6412741039967
S,1,2,148051,37013,254,188,25,17,0.09616698214280361,0,0,True,0.7208858909793363,0.7724362184711411,-0.05155032749180477,0.7724362184711411,5.294452790010837,8.609845093000331,954.0376999330038
S,1,3,148051,37013,253,192,25,18,0.06483824449920936,0,0,True,0.7156176424713747,0.7572133168594526,-0.041595674388077875,0.7572133168594526,4.877665510997758,8.38257089399849,1562.7210423329961
S,1,4,148052,37012,252,191,25,17,0.10102115249290519,0,0,True,0.670290318248277,0.7262689602527719,-0.05597864200449487,0.7262689602527719,5.027589823992457,8.52535177799291,1282.603436231002
S,2,0,148051,37013,252,185,25,17,0.09533185866286945,1,1,True,0.7474319424411886,0.7934770865490294,-0.046045144107840774,0.7934770865490294,4.9356081599980826,8.497866240009898,1047.8385868640034
S,2,1,148051,37013,255,175,25,16,0.14656178874886802,0,0,True,0.7018449221217756,0.7680991102153303,-0.06625418809355466,0.7680991102153303,5.266898267000215,8.46433143199829,632.797773637998
S,2,2,148051,37013,253,129,25,13,0.44533227248036145,0,0,True,0.7369126393646632,0.7760016422240154,-0.03908900285935213,0.7760016422240154,6.2194920600013575,13.279483199992683,209.1833554689947
S,2,3,148051,37013,253,195,25,18,0.06813217048392507,0,0,True,0.6767960649223901,0.739803055405792,-0.06300699048340197,0.739803055405792,5.52199301199289,12.10654208100459,1952.1846504959976
S,2,4,148052,37012,253,169,25,15,0.21381094107092227,0,0,True,0.6304447948534322,0.6836295600579275,-0.05318476520449533,0.6836295600579275,4.4602823430032,8.367435916996328,369.599659710002
S,3,0,148051,37013,254,194,25,18,0.06716431611817522,0,0,True,0.748245834931424,0.781788906000737,-0.03354307106931298,0.781788906000737,4.905960625997977,8.271376147997216,1031.4664282729937
S,3,1,148051,37013,254,199,25,17,0.09361263772773268,0,0,True,0.7013805177847166,0.7423830877453361,-0.04100256996061957,0.7423830877453361,4.458064559992636,8.126574547990458,1459.6418269610003
S,3,2,148051,37013,253,178,25,17,0.11380568181570941,0,0,True,0.5983700046015543,0.6593771102942235,-0.061007105692669206,0.6593771102942235,4.5519715060072485,8.264182144004735,764.013454290005
S,3,3,148051,37013,253,191,25,18,0.07232451071591338,0,0,True,0.7099689262260407,0.7645480050702678,-0.05457907884422708,0.7645480050702678,4.573892667001928,8.057959842990385,1539.1249323719967
S,3,4,148052,37012,254,195,25,18,0.06794699843566461,0,0,True,0.726955595177651,0.7735473872316503,-0.046591792053999326,0.7735473872316503,5.424779751992901,8.70723959300085,1496.2104579099978
S,4,0,148051,37013,254,204,25,19,0.04746701544399253,0,0,True,0.7058342563928056,0.7528638425101313,-0.04702958611732566,0.7528638425101313,4.635393867996754,8.059336720005376,1268.0652348050062
S,4,1,148051,37013,254,145,25,14,0.3008173086294756,0,0,True,0.7313139987867496,0.7671114555880485,-0.035797456801298866,0.7671114555880485,4.342229877001955,8.162577980008791,159.3945749419945
S,4,2,148051,37013,251,199,25,18,0.06934659469236139,0,0,True,0.6757757557590772,0.7589807902897652,-0.08320503453068795,0.7589807902897652,4.722391144998255,8.153670997999143,673.8346422549948
S,4,3,148051,37013,253,199,25,19,0.04733822678078963,0,0,True,0.6577299222196308,0.7131226164745832,-0.05539269425495241,0.7131226164745832,4.514734500990016,8.039379863999784,709.4625466430007
S,4,4,148052,37012,255,185,25,17,0.10560476350158468,0,0,True,0.6747556754954134,0.7423915460328271,-0.06763587053741371,0.7423915460328271,4.471110529993894,8.014535819995217,539.8674518339976
sigma,0,0,146204,36551,241,157,44,17,0.0005864295448070147,0,0,True,0.6501375292431903,0.6847317482324415,-0.03459421898925119,0.6847317482324415,6.853646187999402,10.769203967007343,467.97639642699505
sigma,0,1,146204,36551,247,155,44,17,0.000578592126703532,0,0,True,0.7102015897833261,0.7347104589445277,-0.02450886916120154,0.7347104589445277,6.0664719580090605,10.366246303994558,591.467627267004
sigma,0,2,146204,36551,242,166,44,18,0.0004045555839267221,0,0,True,0.6477232709690521,0.7102374196818615,-0.06251414871280936,0.7102374196818616,6.611825691987178,10.69130011901143,863.4426074459916
sigma,0,3,146204,36551,242,143,44,16,0.000883565819809459,0,0,True,0.6549539418421806,0.6986163021836567,-0.04366236034147608,0.6986163021836566,6.333056661998853,10.951430073997471,323.09842839700286
sigma,0,4,146204,36551,241,139,44,16,0.000883925653291583,0,0,True,0.6227265275227348,0.6655050463626222,-0.04277851883988737,0.6655050463626223,6.029550612991443,10.238858351003728,373.3167508940096
sigma,1,0,146204,36551,243,146,44,16,0.0008624371388730028,0,0,True,0.6887058497932066,0.7203778376519284,-0.03167198785872183,0.7203778376519285,5.973000406011124,10.317356852989178,328.71959926499403
sigma,1,1,146204,36551,241,165,44,18,0.00041728530601664853,0,0,True,0.6711866387778397,0.7136394352346156,-0.04245279645677591,0.7136394352346156,5.7409128790022805,10.393580033996841,1098.6241825710022
sigma,1,2,146204,36551,241,168,44,18,0.000422980184916275,0,0,True,0.6178387554787304,0.6540163329068315,-0.036177577428101126,0.6540163329068316,5.706433622006443,10.230648368989932,823.0322186670091
sigma,1,3,146204,36551,242,184,44,19,0.00029503746502910686,0,0,True,0.6383393020108465,0.664453915541314,-0.026114613530467512,0.664453915541314,7.11763007400441,15.215056663000723,1293.123246853007
sigma,1,4,146204,36551,245,125,44,15,0.0011568766832798685,0,0,True,0.7077753559091303,0.7451856478133375,-0.037410291904207194,0.7451856478133375,5.909086118990672,10.351985920991865,264.35867080399476
sigma,2,0,146204,36551,241,153,44,17,0.0005993060403234753,0,0,True,0.6201333070515449,0.6602199994217663,-0.040086692370221444,0.6602199994217663,5.981020321996766,10.225872537994292,624.2411079739977
sigma,2,1,146204,36551,242,158,44,17,0.0006006011884294242,0,0,True,0.6171651423580349,0.6709794373881045,-0.053814295030069625,0.6709794373881045,6.0453917480044765,10.465902265990735,355.3034796319989
sigma,2,2,146204,36551,243,158,44,17,0.0005967981922385141,0,0,True,0.6950641178830788,0.7318303187145039,-0.03676620083142512,0.7318303187145039,6.501035806999425,10.631422983002267,528.1066077019932
sigma,2,3,146204,36551,242,166,44,18,0.00041060776434984563,0,0,True,0.6792425160500821,0.7071432432577619,-0.027900727207679776,0.7071432432577619,6.111887667997507,10.614581351997913,607.4602093139983
sigma,2,4,146204,36551,244,119,44,15,0.0012197629564696657,0,0,True,0.7036998893996588,0.7408675111315515,-0.0371676217318927,0.7408675111315515,5.8594775249948725,10.159529381009634,221.11825911600317
sigma,3,0,146204,36551,243,157,44,17,0.0005928527273339724,0,0,True,0.641154841183198,0.672735013533395,-0.031580172350197055,0.672735013533395,6.452757181992638,10.478776100993855,824.0138747460005
sigma,3,1,146204,36551,244,171,44,18,0.0004179255632097576,0,0,True,0.6738017443468656,0.7129684437426803,-0.03916669939581474,0.7129684437426803,5.807676309006638,10.194328487996245,678.2953331550088
sigma,3,2,146204,36551,241,155,44,17,0.0006031955815453128,0,0,True,0.6668387916597625,0.6976322317655521,-0.03079344010578966,0.6976322317655522,6.2612840619985946,10.47562921300414,625.6023575250001
sigma,3,3,146204,36551,244,177,44,18,0.000409603126160489,0,0,True,0.6652172766280349,0.7144164803434743,-0.0491992037154394,0.7144164803434743,6.169934461999219,10.389555571993697,1104.2414556790027
sigma,3,4,146204,36551,242,146,44,16,0.0008483696057879899,0,0,True,0.6499228966486789,0.6824652332017938,-0.03254233655311489,0.6824652332017938,6.254866417992162,10.462548490002519,277.3440947659983
sigma,4,0,146204,36551,243,140,44,16,0.0008377793658591303,0,0,True,0.7153525759434637,0.74923181003138,-0.033879234087916266,0.74923181003138,11.163980866011116,12.047296589997131,315.2720889070042
sigma,4,1,146204,36551,241,143,44,16,0.0008595265550586533,0,0,True,0.6314590214623468,0.6757101092273384,-0.04425108776499165,0.6757101092273383,5.777532742999028,10.119906057007029,326.48652208500425
sigma,4,2,146204,36551,243,175,44,18,0.0004100235832323097,0,0,True,0.6540933445300388,0.6975158696112274,-0.0434225250811886,0.6975158696112274,6.129778389004059,10.61195577601029,1226.6168234049983
sigma,4,3,146204,36551,243,168,44,18,0.0004163537522087835,0,0,True,0.6088883627825517,0.6514994658284706,-0.042611103045918974,0.6514994658284705,5.703855065992684,10.149013867005124,937.9456466859992
sigma,4,4,146204,36551,243,177,44,19,0.00029313682538861357,0,0,True,0.6660749984647879,0.7075631493003477,-0.04148815083555979,0.7075631493003477,5.569725675013615,10.126088265998987,1576.747843375997
kappa,0,0,96888,24222,251,188,39,19,0.00016338271103331152,0,0,True,0.7682163607797026,0.8120420292255622,-0.04382566844585967,0.8120420292255622,3.448171789001208,5.083943361998536,596.2544783400081
kappa,0,1,96888,24222,252,185,39,19,0.0001655769644439332,0,0,True,0.7592599850112887,0.7916029975001854,-0.032343012488896705,0.7916029975001854,2.7195894379983656,5.025763986996026,476.450382007999
kappa,0,2,96888,24222,251,181,39,19,0.0001624793960923664,0,0,True,0.7427025802239584,0.8046395917614289,-0.06193701153747044,0.8046395917614289,3.176940568999271,5.114895400998648,512.1341843970004
kappa,0,3,96888,24222,255,176,39,18,0.00022063067892905022,0,0,True,0.803327349336814,0.83973395743035,-0.03640660809353591,0.83973395743035,2.8733216389955487,5.208968474005815,525.3411762649921
kappa,0,4,96888,24222,254,184,39,19,0.00016970906857163392,0,0,True,0.7339501271868856,0.7992005334132428,-0.06525040622635725,0.7992005334132428,2.7612993980001193,5.219952346000355,669.4127946710068
kappa,1,0,96888,24222,252,176,39,19,0.0001620908865091503,0,0,True,0.7499487425113889,0.7862916457208549,-0.03634290320946598,0.7862916457208549,3.076477046997752,7.865561072001583,651.2426726299891
kappa,1,1,96888,24222,251,181,39,19,0.0001581567150408491,0,0,True,0.7767433448270635,0.8346585264523532,-0.057915181625289636,0.8346585264523532,4.930837634994532,10.234584992998862,585.5439467350079
kappa,1,2,96888,24222,253,186,39,19,0.0001645566046933139,0,0,True,0.7420490772974131,0.7923767469870674,-0.0503276696896543,0.7923767469870674,3.0660068959987257,4.916718905995367,446.58284243999515
kappa,1,3,96888,24222,253,189,39,19,0.0001631958508681247,0,0,True,0.7980917081335512,0.8261546088409456,-0.028062900707394367,0.8261546088409456,3.0262020509981085,5.082791915003327,695.2529780190089
kappa,1,4,96888,24222,251,185,39,19,0.0001681983479735484,0,0,True,0.7266827596220407,0.7825516484007535,-0.05586888877871288,0.7825516484007535,2.9106224849965656,5.01377118799428,489.15679258199816
kappa,2,0,96888,24222,250,189,39,19,0.0001713854948486487,0,0,True,0.7163138393265207,0.76931992424876,-0.05300608492223924,0.76931992424876,4.3439757819869556,10.911826183000812,504.71755214499717
kappa,2,1,96888,24222,254,190,39,19,0.00016212240414030776,0,0,True,0.7581768489494265,0.8062104001546826,-0.0480335512052561,0.8062104001546826,2.853447410001536,5.064346275001299,714.238999483001
kappa,2,2,96888,24222,252,178,39,19,0.0001631961346028361,0,0,True,0.7531219845782917,0.7896914945207594,-0.03656950994246766,0.7896914945207594,2.6902630609984044,4.930447798004025,724.9742285440007
kappa,2,3,96888,24222,255,195,39,19,0.00015586851834494114,0,0,True,0.7721957004372595,0.8191550631845232,-0.046959362747263755,0.8191550631845232,3.1024455279984977,5.051554705001763,695.5850960319949
kappa,2,4,96888,24222,253,182,39,19,0.00016292155024834237,0,0,True,0.7838963943315768,0.831120774263471,-0.04722437993189421,0.831120774263471,3.0110340410028584,4.871044183004415,562.0436658520048
kappa,3,0,96888,24222,252,185,39,19,0.00016009674324864382,0,0,True,0.757372527398923,0.8193244958595438,-0.06195196846062079,0.8193244958595438,2.716244312992785,4.856925497006159,677.9828941680025
kappa,3,1,96888,24222,251,180,39,19,0.00016095790716978638,0,0,True,0.7724022520584939,0.8055844434617093,-0.03318219140321543,0.8055844434617093,2.7079720740002813,5.0296409409929765,633.1550868640043
kappa,3,2,96888,24222,251,188,39,19,0.0001631698572723919,0,0,True,0.7636844692671335,0.7996145215098929,-0.03593005224275936,0.7996145215098929,2.9763857390062185,5.28777075400285,478.67413675101125
kappa,3,3,96888,24222,255,184,39,19,0.00016536790441868586,0,0,True,0.758227887641778,0.8051125543643242,-0.04688466672254621,0.8051125543643242,2.955464511993341,4.995477646996733,538.6448225659988
kappa,3,4,96888,24222,251,181,39,19,0.00016587014445444784,0,0,True,0.7374577866383178,0.7976191766255163,-0.060161389987198444,0.7976191766255163,2.546656061007525,4.9006528059981065,872.5585737939982
kappa,4,0,96888,24222,252,182,39,19,0.00015938117731481485,0,0,True,0.7434455807451694,0.8009981957288048,-0.0575526149836354,0.8009981957288048,2.6075855680101085,4.855184386004112,732.9299014349963
kappa,4,1,96888,24222,253,184,39,19,0.00016377180972463102,0,0,True,0.7435015039259953,0.7893488063496608,-0.045847302423665415,0.7893488063496609,2.5584422340034507,4.757332902008784,659.961374260005
kappa,4,2,96888,24222,252,180,39,19,0.00016782829017764726,0,0,True,0.7775067235430374,0.8164502318921896,-0.03894350834915217,0.8164502318921896,2.537373448998551,4.784272969001904,508.504443976999
kappa,4,3,96888,24222,253,190,39,19,0.00017018060027548237,0,0,True,0.7452275056869966,0.8201135585331886,-0.07488605284619199,0.8201135585331886,7.31985826100572,4.8395562910009176,578.9397178020008
kappa,4,4,96888,24222,253,185,39,19,0.00015369208826972083,0,0,True,0.7648982910259683,0.8060154541369721,-0.041117163111003774,0.8060154541369721,2.939498537001782,5.011706265999237,582.7847804190096
zT,0,0,103535,25884,251,147,32,16,0.00044748975172333286,0,0,True,0.49563079653260456,0.7732267094886742,-0.27759591295606967,0.7732267094886742,4.475701958988793,7.008782377990428,141.3147334450041
zT,0,1,103535,25884,251,170,32,18,0.0002117850625073789,0,0,True,0.40052298540193276,0.7600857107494244,-0.3595627253474917,0.7600857107494244,3.7640666930092266,6.965629582002293,181.00039165100316
zT,0,2,103535,25884,252,173,32,19,0.00015109990025365168,0,0,True,0.43108786445828473,0.6861037006254369,-0.2550158361671522,0.6861037006254369,3.9485845339950174,6.771437399002025,345.08186773600755
zT,0,3,103535,25884,251,169,32,18,0.00022353324069162897,0,0,True,0.36933268776282613,0.6762659670003923,-0.3069332792375662,0.6762659670003923,3.683520373000647,12.690264648990706,310.68626000398945
zT,0,4,103536,25883,253,155,32,17,0.0003172982647837705,0,0,True,0.49970850750197404,0.8049443036772012,-0.3052357961752271,0.8049443036772012,3.875357124998118,6.822501051006839,220.84347287900164
zT,1,0,103535,25884,252,169,32,18,0.0002187889492365132,0,0,True,0.4874972348870854,0.7558786211912003,-0.2683813863041149,0.7558786211912003,3.95508116199926,6.871135289009544,300.99900440899364
zT,1,1,103535,25884,253,158,32,17,0.00030725951332782886,0,0,True,0.43092277947931235,0.7069306501617016,-0.2760078706823893,0.7069306501617016,3.90998847001174,6.935338827999658,308.9233205950004
zT,1,2,103535,25884,254,143,32,16,0.00045127436120625055,0,0,True,0.4495959214156473,0.7763549988864326,-0.32675907747078525,0.7763549988864326,3.981062247999944,6.924142124000355,143.7195522539987
zT,1,3,103535,25884,254,179,32,19,0.00015698016535420803,0,0,True,0.4121778991721363,0.7143612320852554,-0.30218333291311905,0.7143612320852554,3.910230130000855,7.212814821992652,343.97831773800135
zT,1,4,103536,25883,249,180,32,19,0.00014804889619745787,0,0,True,0.4695129298122812,0.7782158050155488,-0.30870287520326756,0.7782158050155488,3.9871401249984046,6.926645696003106,331.965029443003
zT,2,0,103535,25884,250,165,32,18,0.00021898760884487891,0,0,True,0.49250815590601016,0.7402089633788922,-0.24770080747288203,0.7402089633788922,3.8001616380061023,6.6673720449907705,207.21807137900032
zT,2,1,103535,25884,252,142,32,16,0.00044690381902221763,0,0,True,0.4189267907451161,0.718694760820189,-0.29976797007507294,0.718694760820189,3.7388176079984987,8.683434190010303,196.98240964899014
zT,2,2,103535,25884,254,183,32,19,0.00015751370923598013,0,0,True,0.41124461756959474,0.6911182704694998,-0.27987365289990507,0.6911182704694998,7.095009470998775,6.700538568999036,402.3377232479979
zT,2,3,103535,25884,254,145,32,16,0.0004460729972723574,0,0,True,0.438720021888662,0.7815531714280921,-0.3428331495394301,0.7815531714280921,3.9159608140034834,6.916487195005175,147.44298722599342
zT,2,4,103536,25883,252,138,32,16,0.0004403136622935661,0,0,True,0.4535238769150445,0.7498283688873842,-0.29630449197233977,0.7498283688873842,3.930052451993106,6.9380099209956825,161.32459338899935
zT,3,0,103535,25884,251,169,32,18,0.0002153992037172629,0,0,True,0.4178144978647659,0.7796921656214215,-0.36187766775665564,0.7796921656214215,5.91180792900559,11.851151099006529,269.2459636639978
zT,3,1,103535,25884,253,162,32,17,0.00031269732871268854,0,0,True,0.43503077647607624,0.6983840004070432,-0.26335322393096694,0.6983840004070432,4.0515111809945665,6.981057372991927,161.18422226099938
zT,3,2,103535,25884,249,163,32,18,0.0002226566774193043,0,0,True,0.4388821991728896,0.6788162427699289,-0.2399340435970393,0.6788162427699289,4.043791795993457,6.880051233005361,194.15774997900007
zT,3,3,103535,25884,252,181,32,19,0.0001464429391854831,0,0,True,0.44930519422762405,0.7727670865725469,-0.32346189234492284,0.7727670865725469,4.1876276999973925,6.969452717996319,285.78036915200937
zT,3,4,103536,25883,252,143,32,16,0.00045930038463212243,0,0,True,0.5180711574251493,0.8034539650309238,-0.2853828076057745,0.8034539650309238,3.865191061006044,6.77413610999065,177.11207899799047
zT,4,0,103535,25884,254,161,32,17,0.00030823960065772655,0,0,True,0.449339591915641,0.7310513490642283,-0.2817117571485873,0.7310513490642283,3.8330464600003324,6.8751606039877515,191.56308631499996
zT,4,1,103535,25884,252,180,32,19,0.00014838335425577126,0,0,True,0.3956071257981326,0.671992235537985,-0.2763851097398524,0.671992235537985,4.246013639000012,6.927134051991743,465.29799526500574
zT,4,2,103535,25884,254,167,32,18,0.00021600607208417834,0,0,True,0.47159769712282906,0.7556050534281129,-0.28400735630528384,0.7556050534281129,3.8703188299987232,6.855716662001214,280.00423035801214
zT,4,3,103535,25884,250,153,32,17,0.0003247697019065472,0,0,True,0.4468572413943448,0.7909466556113942,-0.3440894142170494,0.7909466556113942,4.272152726989589,7.004196580994176,156.85682450300374
zT,4,4,103536,25883,251,142,32,16,0.00045303886767848707,0,0,True,0.49128090431816496,0.7651651957872463,-0.27388429146908133,0.7651651957872463,4.083969262996106,6.584414038006798,132.75432776400703
