model,device,placement,n_requested,n_fit,max_depth,n_estimators,repeat,fit_seconds,predict_seconds
xgboost,cuda,host,2000,2000,3.0,100.0,0,0.30332477399997515,0.0319564609999361
xgboost,cuda,host,2000,2000,3.0,100.0,1,0.20972692800000914,0.02318450899997515
xgboost,cuda,host,2000,2000,3.0,100.0,2,0.20675866199997017,0.022963817000004383
xgboost,cuda,host,2000,2000,6.0,350.0,0,1.6627698940000073,0.029613713999992797
xgboost,cuda,host,2000,2000,6.0,350.0,1,1.645856497000068,0.029233312999963346
xgboost,cuda,host,2000,2000,6.0,350.0,2,1.6424877230000448,0.02913369700002022
xgboost,cuda,host,2000,2000,10.0,600.0,0,7.6522777559999895,0.04073830300001191
xgboost,cuda,host,2000,2000,10.0,600.0,1,7.626422006999974,0.04098203299997749
xgboost,cuda,host,2000,2000,10.0,600.0,2,7.6246019800000795,0.04038181999999324
xgboost,cuda,host,8000,8000,3.0,100.0,0,0.361152043000061,0.02325459700000465
xgboost,cuda,host,8000,8000,3.0,100.0,1,0.3538069810000479,0.023594724999952632
xgboost,cuda,host,8000,8000,3.0,100.0,2,0.3516139060000114,0.022790141999962543
xgboost,cuda,host,8000,8000,6.0,350.0,0,2.0866066300000057,0.029385841000021173
xgboost,cuda,host,8000,8000,6.0,350.0,1,2.0741899039999225,0.029788267000071755
xgboost,cuda,host,8000,8000,6.0,350.0,2,2.0787233679999417,0.030389908000074684
xgboost,cuda,host,8000,8000,10.0,600.0,0,11.458123592999982,0.04345064800008913
xgboost,cuda,host,8000,8000,10.0,600.0,1,11.41383445200006,0.04401174600002378
xgboost,cuda,host,8000,8000,10.0,600.0,2,11.40627060899999,0.04404528100008065
xgboost,cuda,host,15000,15000,3.0,100.0,0,0.5710962699999982,0.029393804999926942
xgboost,cuda,host,15000,15000,3.0,100.0,1,0.5357729180000206,0.02262717700000394
xgboost,cuda,host,15000,15000,3.0,100.0,2,0.5291139220000787,0.02361396899993906
xgboost,cuda,host,15000,15000,6.0,350.0,0,2.4118883720000213,0.030245887999967636
xgboost,cuda,host,15000,15000,6.0,350.0,1,2.40475186499998,0.02994723699998758
xgboost,cuda,host,15000,15000,6.0,350.0,2,2.4080781100000195,0.029846286999941185
xgboost,cuda,host,15000,15000,10.0,600.0,0,13.733486115999995,0.04538572000001295
xgboost,cuda,host,15000,15000,10.0,600.0,1,13.718638597999984,0.04601402200000848
xgboost,cuda,host,15000,15000,10.0,600.0,2,13.719871788000091,0.04612993599994297
xgboost,cuda,host,40000,40000,3.0,100.0,0,1.2403166840000495,0.02355027299995527
xgboost,cuda,host,40000,40000,3.0,100.0,1,1.1885483469999372,0.023374918000058642
xgboost,cuda,host,40000,40000,3.0,100.0,2,1.1916887209999913,0.02346106899994993
xgboost,cuda,host,40000,40000,6.0,350.0,0,3.64995808499998,0.029364833999920847
xgboost,cuda,host,40000,40000,6.0,350.0,1,3.63051318600003,0.02901014999997642
xgboost,cuda,host,40000,40000,6.0,350.0,2,3.6268652740000107,0.02890106699999251
xgboost,cuda,host,40000,40000,10.0,600.0,0,19.593858350000005,0.048889293000002
xgboost,cuda,host,40000,40000,10.0,600.0,1,19.55880575900005,0.04892850099997759
xgboost,cuda,host,40000,40000,10.0,600.0,2,19.511379972999976,0.047948014999974475
xgboost,cuda,host,150000,124419,3.0,100.0,0,3.416348998999979,0.026532746000043517
xgboost,cuda,host,150000,124419,3.0,100.0,1,3.4464489030000323,0.02393473899996934
xgboost,cuda,host,150000,124419,3.0,100.0,2,3.470841688000064,0.02477880300000379
xgboost,cuda,host,150000,124419,6.0,350.0,0,7.6932834790000015,0.029784745000029034
xgboost,cuda,host,150000,124419,6.0,350.0,1,7.6609690039999805,0.030141228000047704
xgboost,cuda,host,150000,124419,6.0,350.0,2,7.830764546999944,0.02981363000003512
xgboost,cuda,host,150000,124419,10.0,600.0,0,30.538368383000034,0.053997353999875486
xgboost,cuda,host,150000,124419,10.0,600.0,1,30.05298704400002,0.05203205799989519
xgboost,cuda,host,150000,124419,10.0,600.0,2,30.027327488000083,0.05221995900001275
ridge,cpu,host,15000,15000,,,0,0.28233224700011306,0.011696871999902214
ridge,cpu,host,15000,15000,,,1,0.17023398600008477,0.012538668999923175
ridge,cpu,host,15000,15000,,,2,0.1722192949998771,0.013743500000146014
ridge,cpu,host,40000,40000,,,0,0.5517979600001581,0.016720564999786802
ridge,cpu,host,40000,40000,,,1,0.43683649400009017,0.01380584399998952
ridge,cpu,host,40000,40000,,,2,0.5089828539998962,0.01211334300000999
ridge,cpu,host,150000,124419,,,0,1.3145070420000593,0.012317381999991994
ridge,cpu,host,150000,124419,,,1,1.3383047510001234,0.011701101999960883
ridge,cpu,host,150000,124419,,,2,1.3812732289998166,0.013617743000168048
