model,device,placement,n_requested,n_fit,max_depth,n_estimators,fit_seconds,predict_seconds
ridge,cpu,host,15000,15000,,,0.1722192949998771,0.012538668999923175
ridge,cpu,host,40000,40000,,,0.5089828539998962,0.01380584399998952
ridge,cpu,host,150000,124419,,,1.3383047510001234,0.012317381999991994
xgboost,cuda,host,2000,2000,3.0,100.0,0.20972692800000914,0.02318450899997515
xgboost,cuda,host,2000,2000,6.0,350.0,1.645856497000068,0.029233312999963346
xgboost,cuda,host,2000,2000,10.0,600.0,7.626422006999974,0.04073830300001191
xgboost,cuda,host,8000,8000,3.0,100.0,0.3538069810000479,0.02325459700000465
xgboost,cuda,host,8000,8000,6.0,350.0,2.0787233679999417,0.029788267000071755
xgboost,cuda,host,8000,8000,10.0,600.0,11.41383445200006,0.04401174600002378
xgboost,cuda,host,15000,15000,3.0,100.0,0.5357729180000206,0.02361396899993906
xgboost,cuda,host,15000,15000,6.0,350.0,2.4080781100000195,0.02994723699998758
xgboost,cuda,host,15000,15000,10.0,600.0,13.719871788000091,0.04601402200000848
xgboost,cuda,host,40000,40000,3.0,100.0,1.1916887209999913,0.02346106899994993
xgboost,cuda,host,40000,40000,6.0,350.0,3.63051318600003,0.02901014999997642
xgboost,cuda,host,40000,40000,10.0,600.0,19.55880575900005,0.048889293000002
xgboost,cuda,host,150000,124419,3.0,100.0,3.4464489030000323,0.02477880300000379
xgboost,cuda,host,150000,124419,6.0,350.0,7.6932834790000015,0.02981363000003512
xgboost,cuda,host,150000,124419,10.0,600.0,30.05298704400002,0.05221995900001275
