material_id,formula,ehull,gap,is_stable,spg_symbol,zT_max,T_at_zT_max,S_at_max,S_reg_at_max,sigma_at_max,kappa_at_max,sign_overridden_at_max,n_sign_overridden_of_6,p_type_at_max,in_main,in_E_hull_0.10,in_gap_cap_0.9,in_E_hull_0.10_cap_0.9,cluster_seen_any,previously_studied_as_thermoelectric,literature_doi,stability,group,shortlist,rank_in_group_all_409
mp-626182,SbHO3,0.0279537947499868,1.0685,False,I4_1/amd,1.3143850564956665,400,53.59285736083984,53.59285736083984,15886.747679779586,2.6573096992256118,False,2,True,False,False,False,False,False,,,metastable,cluster unseen,False,1
mp-626218,SbHO3,0.0157999897499871,1.1867,False,Fdd2,1.3143850564956665,400,53.59285736083984,53.59285736083984,15886.747679779586,2.6573096992256118,False,2,True,False,False,False,False,False,,,metastable,cluster unseen,False,2
mp-998398,InSnBr3,0.0303007139999991,1.0975,False,P1,1.051260232925415,800,-93.97124481201172,-93.97124481201172,16509.007340013108,0.9773838488207668,False,0,False,False,False,False,False,False,,,metastable,cluster unseen,False,3
mp-998555,InSnBr3,0.0200280839999988,1.7591923284557722,False,R3c,1.051260232925415,800,-93.97124481201172,-93.97124481201172,16509.007340013108,0.9773838488207668,False,0,False,False,False,False,False,False,,,metastable,cluster unseen,False,4
mp-2762335,InSnBr3,0.0586802459999979,1.7073,False,Cm,1.051260232925415,800,-93.97124481201172,-93.97124481201172,16509.007340013108,0.9773838488207668,False,0,False,False,False,False,False,False,,,metastable,cluster unseen,False,5
mp-998153,TlGeBr3,0.0279997379999996,0.7555999999999998,False,Cm,1.008224606513977,800,-17.675617218017578,17.675617218017578,26319.81400657377,1.109662554469365,True,6,False,False,False,False,False,False,,,metastable,cluster unseen,False,6
mp-29345,LiGaI3,0.0,2.2473,True,P2_1/m,0.9133585691452026,800,4.084632873535156,-4.084632873535156,17720.326195722402,0.9254749803924506,True,3,True,False,False,False,False,False,,,on the hull,cluster unseen,False,7
mp-1112169,KInI3,0.0766823449999996,0.6694999999999998,False,Fm-3m,0.7357996702194214,800,50.828704833984375,50.828704833984375,10340.649077540342,0.681039578792362,False,0,True,False,False,False,True,False,no evidence found,,metastable,cluster unseen,False,8
mp-28327,LiGaBr3,0.0,2.956,True,P2_1/m,0.7220652103424072,800,23.902936935424805,-23.902936935424805,18818.034265307397,1.1343141936532528,True,2,True,False,False,False,False,False,,,on the hull,cluster unseen,False,9
mp-1114149,RbTlI3,0.0912211314999997,0.4939,False,Fm-3m,0.6814478635787964,800,79.43507385253906,79.43507385253906,19093.02338001398,0.7536785926446273,False,0,True,False,False,False,False,False,,,metastable,cluster unseen,False,10
mp-1114161,RbInI3,0.0563835451666636,0.7159,False,Fm-3m,0.6633648872375488,800,13.326330184936523,13.326330184936523,10071.986902837118,0.7381470249673259,False,0,True,False,False,False,True,False,no evidence found,,metastable,cluster unseen,False,11
mp-1111155,KTlBr3,0.0772356732500005,0.9246039538087512,False,Fm-3m,0.6159400343894958,800,15.478937149047852,-15.478937149047852,18275.18476155404,0.8192496548808685,True,2,True,False,False,False,False,False,,,metastable,cluster unseen,False,12
mp-1112542,CsTlI3,0.0602546797499998,0.4982999999999999,False,Fm-3m,0.6122969388961792,800,111.3127212524414,111.3127212524414,20071.94192345648,0.7620921885552332,False,0,True,False,False,False,False,False,,,metastable,cluster unseen,False,13
mp-1110931,KInBr3,0.0977900804999989,0.8797156481034303,False,Fm-3m,0.6080176830291748,800,22.3825740814209,-22.3825740814209,13099.686675849513,0.8161978341414972,True,3,True,False,False,False,True,False,no evidence found,,metastable,cluster unseen,False,14
mp-1112643,CsInI3,0.02183132625,0.7619999999999998,False,Fm-3m,0.6067417860031128,800,80.93254852294922,80.93254852294922,11224.168669016995,0.7728579895434322,False,0,True,False,False,True,True,False,no evidence found,,metastable,cluster unseen,False,15
mp-571458,RbGeI3,0.013385509333331,0.5181,False,Pm-3m,0.6067349910736084,800,100.24559783935548,100.24559783935548,18070.1318270339,0.6883757571782042,False,0,True,True,True,True,True,False,yes,10.1016/j.mtcomm.2021.102650,metastable,cluster unseen,False,16
mp-570231,CsCdBr3,0.0326752270000021,0.6965999999999999,False,Pm-3m,0.6049496531486511,800,62.94873809814453,62.94873809814453,20345.341276019102,0.9007029583205286,False,0,True,False,False,False,False,False,,,metastable,cluster unseen,False,17
mp-1112177,CsTlBr3,0.0122417697499979,0.9985047740444736,False,Fm-3m,0.5980608463287354,800,7.623747825622559,7.623747825622559,21612.94314746501,0.8251606464096822,False,0,True,False,False,False,False,False,,,metastable,cluster unseen,False,18
mp-1114101,RbTlBr3,0.0253148957499997,0.9634037051434756,False,Fm-3m,0.5911440849304199,800,4.399645805358887,4.399645805358887,21280.31779725177,0.807760073763798,False,0,True,False,False,False,False,False,,,metastable,cluster unseen,False,19
mp-638685,CsEuBr3,0.0,1.0355000000000003,True,Pnma,0.5770778656005859,800,51.40367126464844,51.40367126464844,29880.019235942997,1.1822263510498705,False,0,True,False,False,False,False,False,,,on the hull,cluster unseen,False,20
mp-27214,CsSnBr3,0.0111951395000025,0.5984,False,Pm-3m,0.5707186460494995,800,38.0009765625,38.0009765625,14089.164028836807,0.6697310071120083,False,0,True,True,True,True,True,False,yes,10.1016/j.cplett.2020.137637,metastable,cluster unseen,False,21
mp-1247749,CsSnBr3,0.0,1.0107,True,Pnma,0.5707186460494995,800,38.0009765625,38.0009765625,14089.164028836807,0.6697310071120083,False,0,True,False,False,False,False,False,,,on the hull,cluster unseen,False,22
mp-1112338,CsInBr3,0.0,1.3782043565395825,True,Fm-3m,0.5680104494094849,800,14.445318222045898,14.445318222045898,16203.23961101421,0.853522646041424,False,0,True,False,False,False,False,False,,,on the hull,cluster unseen,False,23
mp-1112176,CsTlCl3,0.0003620809999995,1.2584148670507165,False,Fm-3m,0.5637394189834595,800,45.434349060058594,-45.434349060058594,22802.257321225014,1.0836896552583368,True,6,True,False,False,False,False,False,,,metastable,cluster unseen,False,24
mp-1546519,CsHgCl3,0.0071816991111135,1.0764,False,Cmce,0.5490579605102539,800,40.535438537597656,40.535438537597656,25441.785928741632,1.2375837466041684,False,0,True,False,False,False,False,False,,,metastable,cluster unseen,False,25
mp-998157,RbSnBr3,0.0446438260000023,0.6010000000000002,False,P1,0.5467175245285034,800,30.322383880615234,30.322383880615234,13955.865304360756,0.7050787153611244,False,0,True,False,False,True,True,False,yes,10.1016/j.cocom.2022.e00761,metastable,cluster unseen,False,26
mp-1111296,KTlCl3,0.0590743205000001,1.097012712683471,False,Fm-3m,0.5454162359237671,800,65.1260986328125,-65.1260986328125,20119.79963811803,1.1184630861349685,True,6,True,False,False,False,False,False,,,metastable,cluster unseen,False,27
mp-1113994,RbTlCl3,0.0306932017291674,1.1539100733397554,False,Fm-3m,0.5436728000640869,800,55.2757568359375,-55.2757568359375,22054.88923100784,1.15244697253859,True,6,True,False,False,False,False,False,,,metastable,cluster unseen,False,28
mp-1110737,RbInBr3,0.0251928204999982,1.3264041792853,False,Fm-3m,0.5348430871963501,800,11.499382019042969,-11.499382019042969,14847.203558991378,0.8749480547852106,True,1,True,False,False,False,False,False,,,metastable,cluster unseen,False,29
mp-570223,CsGeBr3,0.0168454720000017,0.7484000000000002,False,Pm-3m,0.4732703268527984,800,34.88516998291016,34.88516998291016,16725.040935863173,0.8205272117127973,False,0,True,False,False,True,True,False,yes,10.1007/s42247-023-00553-5,metastable,cluster unseen,False,30
mp-1068340,CsGeBr3,0.0,1.1965,True,R3m,0.4732703268527984,800,34.88516998291016,34.88516998291016,16725.040935863173,0.8205272117127973,False,0,True,False,False,False,False,False,,,on the hull,cluster unseen,False,31
mp-998710,TlHgF3,0.0145253994999992,1.805,False,P1,0.4726610481739044,800,-45.42933654785156,-45.42933654785156,27210.720520260187,1.503180756685413,False,2,False,False,False,False,False,False,,,metastable,cluster unseen,False,32
mp-998758,TlHgF3,0.0,2.1963,True,Pbam,0.4726610481739044,800,-45.42933654785156,-45.42933654785156,27210.720520260187,1.503180756685413,False,2,False,False,False,False,False,False,,,on the hull,cluster unseen,False,33
mp-998713,TlInCl3,0.0070095394999989,1.5597,False,P1,0.4505219459533691,800,-34.37696838378906,-34.37696838378906,23737.85793747536,1.189257376712753,False,1,False,False,False,False,False,False,,,metastable,cluster unseen,False,34
mp-2767078,TlInCl3,0.0,2.5745,True,P-1,0.4505219459533691,800,-34.37696838378906,-34.37696838378906,23737.85793747536,1.189257376712753,False,1,False,False,False,False,False,False,,,on the hull,cluster unseen,False,35
mp-30528,MnTlCl3,0.0243922364999997,1.2858,False,Pnma,0.4387144446372986,800,-38.82160949707031,-38.82160949707031,20297.147647280508,1.5481298017736318,False,0,False,False,False,False,False,False,,,metastable,cluster unseen,False,36
mp-570290,MnTlCl3,0.0293077779999997,1.1477,False,Pm-3m,0.4387144446372986,800,-38.82160949707031,-38.82160949707031,20297.147647280508,1.5481298017736318,False,0,False,False,False,False,False,False,,,metastable,cluster unseen,False,37
mp-998412,KGeBr3,0.0252311680000052,0.9083,False,Cm,0.433839201927185,800,18.11797142028809,-18.11797142028809,14071.988100956476,0.8154984640132138,True,4,True,False,False,False,False,False,,,metastable,cluster unseen,False,38
mp-1112961,CsInCl3,0.0,1.7757115012201825,True,Fm-3m,0.4323176145553589,800,56.29317474365234,-56.29317474365234,19650.282194304244,1.0432971738347037,True,6,True,False,False,False,False,False,,,on the hull,cluster unseen,False,39
mp-1070375,CsSnCl3,0.0226868215000015,0.9752999999999998,False,Pm-3m,0.4097460210323334,800,0.9359855651855468,-0.9359855651855468,16386.208174529118,0.8585670234498356,True,1,True,False,False,False,False,False,,,metastable,cluster unseen,False,40
mp-998156,RbSnCl3,0.0227385199999998,0.9861,False,Cm,0.4044309854507446,800,1.0788230895996094,-1.0788230895996094,14331.761300990607,1.038625803750883,True,2,True,False,False,False,False,False,,,metastable,cluster unseen,False,41
mp-998611,RbSnCl3,0.0,2.326613151723183,True,R3c,0.4044309854507446,800,1.0788230895996094,-1.0788230895996094,14331.761300990607,1.038625803750883,True,2,True,False,False,False,False,False,,,on the hull,cluster unseen,False,42
mp-568544,CsCdCl3,0.0026339560000003,1.7417,False,Pm-3m,0.3974424004554748,800,0.5273265838623047,-0.5273265838623047,18766.080675533107,1.2558151278971748,True,2,True,False,False,False,False,False,,,metastable,cluster unseen,False,43
mp-1114001,RbInCl3,0.0,1.677311796494664,True,Fm-3m,0.3883417248725891,800,86.7748031616211,-86.7748031616211,17081.698256966087,1.007891118593408,True,6,True,False,False,False,False,False,,,on the hull,cluster unseen,False,44
mp-754597,LuTlO3,0.0837613916249973,0.6919000000000004,False,Pnma,0.3876531720161438,800,-90.09803771972656,-90.09803771972656,26099.61241411626,1.851928181007419,False,1,False,False,False,False,False,False,,,metastable,cluster unseen,False,45
mp-5168,AlSiP3,0.0072239124999988,0.2885999999999997,False,Pnma,0.3727837800979614,800,165.39041137695312,165.39041137695312,12682.898903254214,4.639836585418524,False,0,True,True,True,True,True,False,no evidence found,,metastable,cluster unseen,False,46
mp-1078203,CsTlF3,0.0,2.1858244764135537,True,Fm-3m,0.3700298368930816,800,100.23455810546876,-100.23455810546876,25438.21062596436,1.1924456851904712,True,6,True,False,False,False,False,False,,,on the hull,cluster unseen,False,47
mp-7483,KHgF3,0.0,0.6082000000000001,True,Pm-3m,0.3699217438697815,800,-15.921918869018556,-15.921918869018556,24375.033590469237,2.278522181918838,False,2,False,False,False,False,False,False,,,on the hull,cluster unseen,False,48
mp-1112170,KInCl3,0.0538268714666649,1.597115636649624,False,Fm-3m,0.3682892322540283,800,64.44447326660156,-64.44447326660156,15425.578385871942,1.0544772773231397,True,6,True,False,False,False,False,False,,,metastable,cluster unseen,False,49
mp-998560,InSnCl3,0.0200971269999996,2.0788,False,Cm,0.3658502995967865,800,-63.18634033203125,-63.18634033203125,19273.950334645677,1.2460021261554357,False,0,False,False,False,False,False,False,,,metastable,cluster unseen,False,50
mp-561947,CsHgF3,0.0,0.7167,True,Pm-3m,0.3600042760372162,800,-4.376249313354492,-4.376249313354492,29060.75405948856,1.2878019581122375,False,3,False,False,False,False,False,False,,,on the hull,cluster unseen,False,51
mp-1068377,CsEuCl3,0.0105377620000037,0.8369,False,Pm-3m,0.3593578934669494,800,30.343067169189453,30.343067169189453,37773.27603370538,1.3390824946466742,False,0,True,False,False,True,True,False,yes,10.1016/j.rinp.2024.107980,metastable,cluster unseen,False,52
mp-1101279,TmTlO3,0.0884914422499987,0.7359999999999998,False,Pnma,0.3581505119800567,800,-59.43383026123047,-59.43383026123047,32454.240634953872,1.4912689854746162,False,0,False,False,False,False,False,False,,,metastable,cluster unseen,False,53
mp-998744,TlGeCl3,0.0327651060000011,1.3779,False,Cm,0.3573518991470337,800,-17.782608032226562,17.782608032226562,27879.79570309571,1.3658300390441536,True,6,False,False,False,False,False,False,,,metastable,cluster unseen,False,54
mp-1113914,RbTlF3,0.0,2.0588124041671416,True,Fm-3m,0.3558351993560791,800,-82.74410247802734,-82.74410247802734,23682.590257264656,2.040390275888636,False,0,False,False,False,False,False,False,,,on the hull,cluster unseen,False,55
mp-1206801,RbEuCl3,0.0383723899999992,0.4541999999999997,False,Pm-3m,0.3537038564682007,800,16.590797424316406,16.590797424316406,35815.806864205195,1.328260986192329,False,0,True,True,True,True,True,False,no evidence found,,metastable,cluster unseen,False,56
mp-676262,TaTlO3,0.0,0.9695,True,C2/c,0.3510080277919769,800,-134.35768127441406,-134.35768127441406,36946.64035302164,1.359210948786755,False,0,False,False,False,False,False,False,,,on the hull,cluster unseen,False,57
mp-756933,TaTlO3,0.004274724750001,0.4457999999999997,False,Fd-3m,0.3510080277919769,800,-134.35768127441406,-134.35768127441406,36946.64035302164,1.359210948786755,False,0,False,False,False,False,False,False,,,metastable,cluster unseen,False,58
mp-998350,BaZrSe3,0.0775039104999999,0.2023999999999999,False,P1,0.3440398871898651,800,-36.37050628662109,-36.37050628662109,22064.5290443976,1.6379621119734462,False,0,False,False,True,False,True,False,yes,10.1021/acs.jpclett.3c02940,metastable,cluster unseen,False,59
mp-1111295,KTlF3,0.0542841867083332,1.96471152837852,False,Fm-3m,0.3439928293228149,800,-88.30159759521484,-88.30159759521484,24393.21228421368,1.9286340499953425,False,0,False,False,False,False,False,False,,,metastable,cluster unseen,False,60
mp-7482,RbHgF3,0.0,0.6454,True,Pm-3m,0.3428894579410553,800,-9.068441390991213,-9.068441390991213,26285.24575687993,2.1562675853765976,False,3,False,False,False,False,False,False,,,on the hull,cluster unseen,False,61
mp-505085,NaCuF3,0.0043112520000008,0.6678000000000001,False,P2_1/c,0.3379995822906494,800,42.46853256225586,42.46853256225586,20708.18601343973,2.6811719687425453,False,0,True,False,False,True,True,False,no evidence found,,metastable,cluster unseen,False,62
mp-756821,LiAgF3,0.0935238429999998,0.1235999999999999,False,P2_1/c,0.3306666910648346,800,-6.776705741882324,6.776705741882324,16290.844625945125,2.190211176004547,True,4,False,False,True,False,True,False,no evidence found,,metastable,cluster unseen,False,63
mp-760151,LiAgF3,0.0769721754999999,0.1695999999999999,False,P6_122,0.3306666910648346,800,-6.776705741882324,6.776705741882324,16290.844625945125,2.190211176004547,True,4,False,False,True,False,True,False,no evidence found,,metastable,cluster unseen,False,64
mp-754787,SmTlO3,0.0731567521249978,0.8895,False,Pnma,0.3293717503547668,800,-85.08904266357422,-85.08904266357422,31709.068562250966,1.6041802112767212,False,0,False,False,False,False,False,False,,,metastable,cluster unseen,False,65
mp-998762,MnTlF3,0.0,2.6304,True,Pm-3m,0.3289752304553985,800,-42.20183563232422,-42.20183563232422,20805.431221375973,2.203336753558099,False,0,False,False,False,False,False,False,,,on the hull,cluster unseen,False,66
mp-33932,NbHO3,0.0336375535357174,2.6276,False,P1,0.3273745477199554,800,-92.4533920288086,-92.4533920288086,22901.81658443942,2.7072198109626955,False,0,False,False,False,False,False,False,,,metastable,cluster unseen,False,67
mp-626528,NbHO3,0.0450807430357169,2.5171,False,P1,0.3273745477199554,800,-92.4533920288086,-92.4533920288086,22901.81658443942,2.7072198109626955,False,0,False,False,False,False,False,False,,,metastable,cluster unseen,False,68
mp-998358,MgAgF3,0.0331789360000014,2.1127,False,Pm-3m,0.3257962465286255,800,-1.2623138427734375,-1.2623138427734375,14805.88767069842,2.114165670664368,False,2,False,False,False,False,False,False,,,metastable,cluster unseen,False,69
mp-998418,MgAgF3,0.0181428880000016,2.6793,False,R-3c,0.3257962465286255,800,-1.2623138427734375,-1.2623138427734375,14805.88767069842,2.114165670664368,False,2,False,False,False,False,False,False,,,metastable,cluster unseen,False,70
mp-998231,KGeCl3,0.0282228930000036,1.4859,False,Cm,0.3225122690200805,800,8.161527633666992,-8.161527633666992,16404.407549235882,1.5948382179341003,True,2,True,False,False,False,False,False,,,metastable,cluster unseen,False,71
mp-760095,LiMnF3,0.0939407181666664,2.4534,False,P-3,0.3110797107219696,800,-126.20608520507812,-126.20608520507812,10276.491057033492,2.429555067977919,False,0,False,False,False,False,False,False,,,metastable,cluster unseen,False,72
mp-764783,LiMnF3,0.0907112249999997,2.712,False,Pnma,0.3110797107219696,800,-126.20608520507812,-126.20608520507812,10276.491057033492,2.429555067977919,False,0,False,False,False,False,False,False,,,metastable,cluster unseen,False,73
mp-765457,LiMnF3,0.0397923609999999,2.9514,False,Pnma,0.3110797107219696,800,-126.20608520507812,-126.20608520507812,10276.491057033492,2.429555067977919,False,0,False,False,False,False,False,False,,,metastable,cluster unseen,False,74
mp-23737,KMgH3,0.0,2.458,True,Pm-3m,0.3102350234985351,800,8.22181224822998,8.22181224822998,25706.4874221099,2.673790597629809,False,0,True,False,False,False,False,False,,,on the hull,cluster unseen,False,75
mp-770830,HoBiO3,0.0358601403750018,2.7472,False,Pnma,0.3032774627208709,800,-53.304290771484375,-53.304290771484375,18836.101008105063,1.5394778515664298,False,0,False,False,False,False,False,False,,,metastable,cluster unseen,False,76
mp-505066,NaFeF3,0.0004148375000001,1.8013,False,Pnma,0.2949775457382202,800,0.9299392700195312,0.9299392700195312,15475.299636914226,2.4825670007050302,False,0,True,False,False,False,False,False,,,metastable,cluster unseen,False,77
mp-21404,NaCoF3,0.0,2.0659,True,Pnma,0.2890234589576721,800,42.53518295288086,42.53518295288086,14209.968363805689,1.9767092020553167,False,0,True,False,False,False,False,False,,,on the hull,cluster unseen,False,78
mp-998352,BaHfS3,0.0283550604999991,0.8438999999999997,False,R3m,0.2861347198486328,800,-108.45437622070312,-108.45437622070312,22973.36573282154,1.3792670103016196,False,0,False,False,False,True,True,False,yes,10.1016/j.cocom.2025.e01202,metastable,cluster unseen,False,79
mp-1105549,BaHfS3,0.0,1.2523999999999995,True,Pnma,0.2861347198486328,800,-108.45437622070312,-108.45437622070312,22973.36573282154,1.3792670103016196,False,0,False,False,False,False,False,False,,,on the hull,cluster unseen,False,80
mp-1383356,BaHfS3,0.0282627044999985,0.7077999999999998,False,Pm-3m,0.2861347198486328,800,-108.45437622070312,-108.45437622070312,22973.36573282154,1.3792670103016196,False,0,False,False,False,True,True,False,yes,10.1016/j.cocom.2025.e01202,metastable,cluster unseen,False,81
mp-560242,NaMnF3,0.0,2.7474000000000003,True,Pnma,0.2827196717262268,800,-204.7013702392578,-204.7013702392578,9772.189463863144,2.246856856204274,False,0,False,False,False,False,False,False,,,on the hull,cluster unseen,False,82
mp-752764,LiVF3,0.0185087989999983,2.5687999999999995,False,R3c,0.279445618391037,800,28.320775985717773,-28.320775985717773,23699.732100646,2.517446600980322,True,2,True,False,False,False,False,False,,,metastable,cluster unseen,False,83
mp-752911,LiVF3,0.0357912984999995,2.426,False,Pnma,0.279445618391037,800,28.320775985717773,-28.320775985717773,23699.732100646,2.517446600980322,True,2,True,False,False,False,False,False,,,metastable,cluster unseen,False,84
mp-777551,LiVF3,0.0371581029999985,2.6788,False,P2_13,0.279445618391037,800,28.320775985717773,-28.320775985717773,23699.732100646,2.517446600980322,True,2,True,False,False,False,False,False,,,metastable,cluster unseen,False,85
mp-778509,LiVF3,0.0711593504999994,2.6116,False,P2_13,0.279445618391037,800,28.320775985717773,-28.320775985717773,23699.732100646,2.517446600980322,True,2,True,False,False,False,False,False,,,metastable,cluster unseen,False,86
mp-1110662,RbInF3,0.0091613249603108,2.4848,False,Fm-3m,0.2735970616340637,800,-89.68021392822266,-89.68021392822266,22559.08743453864,1.6869911355079998,False,3,False,False,False,False,False,False,,,metastable,cluster unseen,False,87
mp-1208643,SrHfS3,0.0,1.4955999999999996,True,Pnma,0.2670506536960602,800,-137.2038116455078,-137.2038116455078,25150.24583111529,1.4979656988490246,False,0,False,False,False,False,False,False,,,on the hull,cluster unseen,False,88
mp-23818,BaLiH3,0.0,2.2146,True,Pm-3m,0.2637187838554382,800,-40.623565673828125,-40.623565673828125,26001.24928181345,2.891663122435831,False,3,False,False,False,False,False,False,,,on the hull,cluster unseen,False,89
mp-20572,NaVF3,0.0913499079999997,0.6978,False,Pm-3m,0.2610980868339538,800,-64.32359313964844,-64.32359313964844,25651.2829240784,2.1622434090696583,False,0,False,False,False,False,True,False,no evidence found,,metastable,cluster unseen,False,90
mp-1120756,NaVF3,0.0,1.5126999999999995,True,Pnma,0.2610980868339538,800,-64.32359313964844,-64.32359313964844,25651.2829240784,2.1622434090696583,False,0,False,False,False,False,False,False,,,on the hull,cluster unseen,False,91
mp-775761,AgClO3,0.0315841524999971,2.925,False,P2_13,0.2575744986534118,800,-30.61745262145996,-30.61745262145996,17933.318183970823,1.7840027693621985,False,2,False,False,False,False,False,False,,,metastable,cluster unseen,False,92
mp-755893,CaBiO3,0.0,0.6655289785034206,True,P2_1/c,0.2537232637405395,800,-70.975341796875,-70.975341796875,9591.122421068252,1.9400079138767568,False,0,False,False,False,True,True,False,no evidence found,,on the hull,cluster unseen,False,93
mp-1112296,KInF3,0.0751867520079416,2.2085,False,Fm-3m,0.2489368617534637,800,-81.8490219116211,-81.8490219116211,21101.189615684805,1.7473153476631793,False,0,False,False,False,False,False,False,,,metastable,cluster unseen,False,94
mp-8180,LiNO3,0.0,2.9369,True,R-3c,0.2451511770486831,800,27.886430740356445,-27.886430740356445,17447.570295110374,2.404894867619355,True,2,True,False,False,False,False,False,,,on the hull,cluster unseen,False,95
mp-1188840,SmScS3,0.0,1.8487000000000005,True,Pnma,0.2429968863725662,800,-150.59356689453125,-150.59356689453125,19663.79290402242,1.0654515625901582,False,0,False,False,False,False,False,False,,,on the hull,cluster unseen,False,96
mp-14099,ZnAgF3,0.0535718940000014,1.5852,False,Pm-3m,0.2418585270643234,800,-8.218059539794922,8.218059539794922,17620.177486399793,2.1807797814658048,True,4,False,False,False,False,False,False,,,metastable,cluster unseen,False,97
mp-33753,TaHO3,0.0770895237500024,2.7443,False,I4_1/amd,0.2396426945924759,800,-46.893890380859375,-46.893890380859375,26862.54887697493,1.5551953489921744,False,0,False,False,False,False,False,False,,,metastable,cluster unseen,False,98
mp-776165,AgAuO3,0.0594244018333327,0.2423000000000001,False,Fd-3m,0.2379107922315597,800,142.36062622070312,142.36062622070312,17472.05056096191,2.662714782098398,False,0,True,False,True,False,True,False,no evidence found,,metastable,cluster unseen,False,99
mp-4385,CdCO3,0.0,2.6293,True,R-3c,0.2373237460851669,800,22.395158767700195,-22.395158767700195,21315.955709711223,2.215695147724527,True,6,True,False,False,False,False,False,,,on the hull,cluster unseen,False,100
mp-1190098,CaHfS3,0.037140437999998,1.5238,False,Pnma,0.2352827936410904,800,-120.89219665527344,-120.89219665527344,35082.89461887046,1.6667413796911714,False,0,False,False,False,False,False,False,,,metastable,cluster unseen,False,101
mp-558749,RbMnF3,0.0,2.9437,True,Pm-3m,0.2297738790512085,800,-38.4908447265625,-38.4908447265625,14738.966102429207,2.0851916548051634,False,2,False,False,False,False,False,False,,,on the hull,cluster unseen,False,102
mp-555123,KMnF3,0.0017114100000004,2.6628000000000003,False,Pm-3m,0.2297584414482116,800,-50.55393981933594,-50.55393981933594,13714.29944555404,2.0134233979435794,False,0,False,False,False,False,False,False,,,metastable,cluster unseen,False,103
mp-555359,KMnF3,0.0002445739999998,2.1006,False,I4/mcm,0.2297584414482116,800,-50.55393981933594,-50.55393981933594,13714.29944555404,2.0134233979435794,False,0,False,False,False,False,False,False,,,metastable,cluster unseen,False,104
mp-560382,KMnF3,0.000924576,2.6774,False,P4/mbm,0.2297584414482116,800,-50.55393981933594,-50.55393981933594,13714.29944555404,2.0134233979435794,False,0,False,False,False,False,False,False,,,metastable,cluster unseen,False,105
mp-644332,KMnF3,0.0020342784999982,2.6922,False,P2_1/m,0.2297584414482116,800,-50.55393981933594,-50.55393981933594,13714.29944555404,2.0134233979435794,False,0,False,False,False,False,False,False,,,metastable,cluster unseen,False,106
mp-1180746,KMnF3,0.0016044339999989,1.7405,False,I4/mcm,0.2297584414482116,800,-50.55393981933594,-50.55393981933594,13714.29944555404,2.0134233979435794,False,0,False,False,False,False,False,False,,,metastable,cluster unseen,False,107
mp-1205353,KMnF3,0.0,2.4058,True,Imma,0.2297584414482116,800,-50.55393981933594,-50.55393981933594,13714.29944555404,2.0134233979435794,False,0,False,False,False,False,False,False,,,on the hull,cluster unseen,False,108
mp-2759521,KMnF3,4.164199999934226e-05,2.1486,False,P2_1/m,0.2297584414482116,800,-50.55393981933594,-50.55393981933594,13714.29944555404,2.0134233979435794,False,0,False,False,False,False,False,False,,,metastable,cluster unseen,False,109
mp-756365,CaCeO3,0.0590747670000126,2.3372999999999995,False,Pnma,0.2296095490455627,800,-94.86078643798828,-94.86078643798828,22552.89605093621,1.8652479050578343,False,0,False,False,False,False,False,False,,,metastable,cluster unseen,False,110
mp-1079935,LiCaH3,0.0214807280000002,2.5159,False,R-3c,0.2266992777585983,800,-54.64323425292969,54.64323425292969,42024.00711484162,3.112132337818537,True,6,False,False,False,False,False,False,,,metastable,cluster unseen,False,111
mp-557257,KVF3,0.0,2.0758999999999994,True,Pm-3m,0.2197257578372955,800,66.25745391845703,66.25745391845703,31810.01900719742,1.805044163515698,False,0,True,False,False,False,False,False,,,on the hull,cluster unseen,False,112
mp-5193,SrZrS3,0.0064128314999978,1.1777000000000002,False,Pnma,0.2180794924497604,800,-167.00338745117188,-167.00338745117188,18606.05280589724,1.9723351085392744,False,0,False,False,False,False,False,False,,,metastable,cluster unseen,False,113
mp-540771,BaZrS3,0.0,0.9900000000000002,True,Pnma,0.2150105237960815,800,-162.94839477539062,-162.94839477539062,18773.49971519944,1.7670770031837109,False,0,False,False,False,False,False,False,,,on the hull,cluster unseen,False,114
mp-756909,TlGaO3,0.0695921199999984,0.2334000000000005,False,Pnma,0.2136599570512771,800,-4.667938232421875,-4.667938232421875,40750.87712715502,2.656640373290679,False,4,False,False,False,False,False,False,,,metastable,cluster unseen,False,115
mp-29164,SrBiO3,0.0,0.3106,True,P2_1/c,0.2136446982622146,800,-133.5500946044922,-133.5500946044922,6026.2732827273785,2.190138583509884,False,0,False,True,True,True,True,False,no evidence found,,on the hull,cluster unseen,False,116
mp-2763763,CuAgF3,0.0,1.2735,True,P2_1/c,0.2113738059997558,800,160.1552276611328,160.1552276611328,27818.54954498513,2.4473049472049606,False,0,True,False,False,False,False,False,,,on the hull,cluster unseen,False,117
mp-556365,KCrF3,0.0,1.4898000000000002,True,C2/m,0.2095914185047149,800,28.80355262756348,-28.80355262756348,24438.865935065223,2.186789923307908,True,6,True,False,False,False,False,False,,,on the hull,cluster unseen,False,118
mp-560547,KCrF3,0.0036048639999997,1.968,False,I4/m,0.2095914185047149,800,28.80355262756348,-28.80355262756348,24438.865935065223,2.186789923307908,True,6,True,False,False,False,False,False,,,metastable,cluster unseen,False,119
mp-566131,KCrF3,0.0268132479999998,1.1574000000000004,False,P4/mmm,0.2095914185047149,800,28.80355262756348,-28.80355262756348,24438.865935065223,2.186789923307908,True,6,True,False,False,False,False,False,,,metastable,cluster unseen,False,120
mp-1180767,KCrF3,0.0021807369999997,1.5720000000000005,False,I4/mcm,0.2095914185047149,800,28.80355262756348,-28.80355262756348,24438.865935065223,2.186789923307908,True,6,True,False,False,False,False,False,,,metastable,cluster unseen,False,121
mp-1180782,KCrF3,0.0020262390000009,0.1573999999999999,False,Ibam,0.2095914185047149,800,28.80355262756348,-28.80355262756348,24438.865935065223,2.186789923307908,True,6,True,True,True,True,True,False,no evidence found,,metastable,cluster unseen,False,122
mp-556424,RbVF3,0.0,2.4507000000000003,True,Pm-3m,0.2088474631309509,800,70.3857421875,70.3857421875,37593.79187220601,1.892897327091999,False,0,True,False,False,False,False,False,,,on the hull,cluster unseen,False,123
mp-20011,NaSbO3,0.0551372470000011,1.4696000000000002,False,Fd-3m,0.2083591371774673,800,79.0320816040039,79.0320816040039,9640.035226838569,2.2047693686332246,False,0,True,False,False,False,False,False,,,metastable,cluster unseen,False,124
mp-22212,NaSbO3,0.0918956150000003,1.2824000000000004,False,Pnma,0.2083591371774673,800,79.0320816040039,79.0320816040039,9640.035226838569,2.2047693686332246,False,0,True,False,False,False,False,False,,,metastable,cluster unseen,False,125
mp-1184176,DyScS3,0.0,1.7736999999999994,True,Pnma,0.2076470553874969,800,-142.45729064941406,-142.45729064941406,23237.655879381506,1.254104215427751,False,0,False,False,False,False,False,False,,,on the hull,cluster unseen,False,126
mp-552185,AgNO3,0.0,1.8635,True,R3c,0.204685240983963,800,65.45907592773438,-65.45907592773438,17515.382361583648,2.819441557894717,True,6,True,False,False,False,False,False,,,on the hull,cluster unseen,False,127
mp-7027,InBO3,0.0,2.6556,True,R-3c,0.2031579166650772,800,-82.09314727783203,-82.09314727783203,26299.968529229114,2.3279657667335467,False,0,False,False,False,False,False,False,,,on the hull,cluster unseen,False,128
mp-1106374,LaLuS3,0.0,2.2322,True,Pnma,0.2015732377767563,800,-93.76641845703124,-93.76641845703124,27286.712063109677,1.3537345221940025,False,0,False,False,False,False,False,False,,,on the hull,cluster unseen,False,129
mp-1190059,EuHfS3,0.0,0.1287000000000002,True,Pnma,0.2011007815599441,800,-68.01071166992188,-68.01071166992188,30704.507996638677,1.5239158557804615,False,0,False,True,True,True,True,False,no evidence found,,on the hull,cluster unseen,False,130
mp-1189393,HoScS3,0.0129002495833354,1.7663000000000002,False,Pna2_1,0.2009895890951156,800,-150.80043029785156,-150.80043029785156,24900.67514548671,1.2751966745703704,False,0,False,False,False,False,False,False,,,metastable,cluster unseen,False,131
mp-2755772,HoScS3,0.0073478716666688,2.1681,False,Pnma,0.2009895890951156,800,-150.80043029785156,-150.80043029785156,24900.67514548671,1.2751966745703704,False,0,False,False,False,False,False,False,,,metastable,cluster unseen,False,132
mp-1190244,ErScS3,0.0172591825833308,1.7554999999999996,False,Pna2_1,0.1986240446567535,800,-135.18185424804688,-135.18185424804688,22201.221568594032,1.2694179359828692,False,0,False,False,False,False,False,False,,,metastable,cluster unseen,False,133
mp-2763526,ErScS3,0.0125358623333333,2.152,False,Pnma,0.1986240446567535,800,-135.18185424804688,-135.18185424804688,22201.221568594032,1.2694179359828692,False,0,False,False,False,False,False,False,,,metastable,cluster unseen,False,134
mp-849271,AgIO3,0.0274698735000002,1.9765,False,Pnma,0.1973899900913238,800,70.2952880859375,70.2952880859375,12667.59728266404,1.7185541167224372,False,1,True,False,False,False,False,False,,,metastable,cluster unseen,False,135
mp-4531,NaNO3,0.0,2.9451,True,R-3c,0.1969402432441711,800,35.235206604003906,35.235206604003906,19711.71628455213,2.4751123735764367,False,0,True,False,False,False,False,False,,,on the hull,cluster unseen,False,136
mp-1220986,NaNO3,0.0110834510000001,2.8579,False,R32,0.1969402432441711,800,35.235206604003906,35.235206604003906,19711.71628455213,2.4751123735764367,False,0,True,False,False,False,False,False,,,metastable,cluster unseen,False,137
mp-752446,RbNO3,0.0210339020000001,2.9815,False,R32,0.1965110152959823,800,87.93801879882812,87.93801879882812,17948.781522459896,2.446429297328478,False,0,True,False,False,False,False,False,,,metastable,cluster unseen,False,138
mp-1188262,TbScS3,0.0,1.7696,True,Pnma,0.1950606256723404,800,-140.2898712158203,-140.2898712158203,20081.48671190629,1.2868196800281937,False,0,False,False,False,False,False,False,,,on the hull,cluster unseen,False,139
mp-1206325,RbCrF3,0.0103533537499957,0.9717000000000002,False,P4/mmm,0.19502854347229,800,5.649025917053223,5.649025917053223,27414.63918994363,2.1562650699183137,False,2,True,False,False,False,False,False,,,metastable,cluster unseen,False,140
mp-1189962,PrScS3,0.0,1.8377,True,Pnma,0.1908613294363021,800,-120.03697204589844,-120.03697204589844,20870.63714207633,1.2439278264153042,False,0,False,False,False,False,False,False,,,on the hull,cluster unseen,False,141
mp-1105614,NdScS3,0.0,1.8593,True,Pnma,0.189779132604599,800,-161.0057830810547,-161.0057830810547,18396.721858906847,1.1391960886542944,False,0,False,False,False,False,False,False,,,on the hull,cluster unseen,False,142
mp-1120755,NaCO3,0.0,0.6623,True,R-3c,0.1895238161087036,800,12.200904846191406,-12.200904846191406,19469.327997516277,2.0957463276866326,True,4,True,False,False,True,True,False,no evidence found,,on the hull,cluster unseen,False,143
mp-7781,CaZrS3,0.0365724824999942,1.1878000000000002,False,Pnma,0.1881856471300125,800,-111.26708984375,-111.26708984375,24888.04731529896,1.9113334359101957,False,0,False,False,False,False,False,False,,,metastable,cluster unseen,False,144
mp-3136,NaNbO3,0.0443390239999974,1.5312,False,Pm-3m,0.1832510530948639,800,60.8768310546875,-60.8768310546875,29203.05776879176,2.861614104461749,True,6,True,False,False,False,False,False,,,metastable,cluster unseen,False,145
mp-3671,NaNbO3,0.001741106999999,2.3565000000000005,False,Pbcm,0.1832510530948639,800,60.8768310546875,-60.8768310546875,29203.05776879176,2.861614104461749,True,6,True,False,False,False,False,False,,,metastable,cluster unseen,False,146
mp-4419,NaNbO3,0.030859024999998,1.5628,False,P4/mbm,0.1832510530948639,800,60.8768310546875,-60.8768310546875,29203.05776879176,2.861614104461749,True,6,True,False,False,False,False,False,,,metastable,cluster unseen,False,147
mp-4514,NaNbO3,0.0,2.7818,True,R3c,0.1832510530948639,800,60.8768310546875,-60.8768310546875,29203.05776879176,2.861614104461749,True,6,True,False,False,False,False,False,,,on the hull,cluster unseen,False,148
mp-4681,NaNbO3,0.0024077749999982,2.3684000000000003,False,Pmc2_1,0.1832510530948639,800,60.8768310546875,-60.8768310546875,29203.05776879176,2.861614104461749,True,6,True,False,False,False,False,False,,,metastable,cluster unseen,False,149
mp-4748,NaNbO3,0.0267007389999989,1.6833000000000002,False,Cmcm,0.1832510530948639,800,60.8768310546875,-60.8768310546875,29203.05776879176,2.861614104461749,True,6,True,False,False,False,False,False,,,metastable,cluster unseen,False,150
mp-558920,NaNbO3,0.0018151994999993,2.4098,False,Pca2_1,0.1832510530948639,800,60.8768310546875,-60.8768310546875,29203.05776879176,2.861614104461749,True,6,True,False,False,False,False,False,,,metastable,cluster unseen,False,151
mp-559354,NaNbO3,0.0391677254999986,1.8833,False,Cmcm,0.1832510530948639,800,60.8768310546875,-60.8768310546875,29203.05776879176,2.861614104461749,True,6,True,False,False,False,False,False,,,metastable,cluster unseen,False,152
mp-1105765,NaNbO3,0.025218161999998,1.865,False,Pnma,0.1832510530948639,800,60.8768310546875,-60.8768310546875,29203.05776879176,2.861614104461749,True,6,True,False,False,False,False,False,,,metastable,cluster unseen,False,153
mp-1188528,NaNbO3,0.0028805844999979,2.853,False,Pna2_1,0.1832510530948639,800,60.8768310546875,-60.8768310546875,29203.05776879176,2.861614104461749,True,6,True,False,False,False,False,False,,,metastable,cluster unseen,False,154
mp-1189194,NaNbO3,0.029542810499997,1.6606999999999998,False,Pnma,0.1832510530948639,800,60.8768310546875,-60.8768310546875,29203.05776879176,2.861614104461749,True,6,True,False,False,False,False,False,,,metastable,cluster unseen,False,155
mp-1190015,NaNbO3,0.0036448904999986,2.2326,False,Pmn2_1,0.1832510530948639,800,60.8768310546875,-60.8768310546875,29203.05776879176,2.861614104461749,True,6,True,False,False,False,False,False,,,metastable,cluster unseen,False,156
mp-1194823,NaNbO3,0.0250339659999969,1.7153000000000005,False,Pnma,0.1832510530948639,800,60.8768310546875,-60.8768310546875,29203.05776879176,2.861614104461749,True,6,True,False,False,False,False,False,,,metastable,cluster unseen,False,157
mp-1195803,NaNbO3,0.0253544346666654,1.6547999999999998,False,Pnma,0.1832510530948639,800,60.8768310546875,-60.8768310546875,29203.05776879176,2.861614104461749,True,6,True,False,False,False,False,False,,,metastable,cluster unseen,False,158
mp-1198142,NaNbO3,0.0283619004999966,1.7341,False,Pmmn,0.1832510530948639,800,60.8768310546875,-60.8768310546875,29203.05776879176,2.861614104461749,True,6,True,False,False,False,False,False,,,metastable,cluster unseen,False,159
mp-1199037,NaNbO3,0.0424806867499985,1.7575,False,P222_1,0.1832510530948639,800,60.8768310546875,-60.8768310546875,29203.05776879176,2.861614104461749,True,6,True,False,False,False,False,False,,,metastable,cluster unseen,False,160
mp-1199593,NaNbO3,0.0327036768749984,1.6316000000000002,False,Pmmn,0.1832510530948639,800,60.8768310546875,-60.8768310546875,29203.05776879176,2.861614104461749,True,6,True,False,False,False,False,False,,,metastable,cluster unseen,False,161
mp-1203293,NaNbO3,0.0245707684999985,1.7941,False,Pnma,0.1832510530948639,800,60.8768310546875,-60.8768310546875,29203.05776879176,2.861614104461749,True,6,True,False,False,False,False,False,,,metastable,cluster unseen,False,162
mp-1977728,NaNbO3,0.0294082129999981,1.6644,False,Imma,0.1832510530948639,800,60.8768310546875,-60.8768310546875,29203.05776879176,2.861614104461749,True,6,True,False,False,False,False,False,,,metastable,cluster unseen,False,163
mp-551918,AlBiO3,0.0533350642499836,2.8716,False,R3c,0.1831420511007309,800,-23.074934005737305,23.074934005737305,19181.125309362396,2.2684302917963546,True,6,False,False,False,False,False,False,,,metastable,cluster unseen,False,164
mp-7792,YScS3,0.0018075120000027,1.7758000000000005,False,Pnma,0.1822158247232437,800,-107.08590698242188,-107.08590698242188,26989.287499706574,1.5247072736806764,False,0,False,False,False,False,False,False,,,metastable,cluster unseen,False,165
mp-22428,SrCeO3,0.0085144779999968,2.5055000000000005,False,Pnma,0.1814398914575576,800,-108.05509948730467,-108.05509948730467,24022.17622283372,1.7141610224995831,False,0,False,False,False,False,False,False,,,metastable,cluster unseen,False,166
mp-752636,LiSbO3,0.088810487499999,1.1944999999999997,False,P2_13,0.1776322275400161,800,-62.74481201171875,-62.74481201171875,11299.303795581336,2.304172574695983,False,0,False,False,False,False,False,False,,,metastable,cluster unseen,False,167
mp-998241,MnInF3,0.0323595836111119,2.4765,False,P1,0.1769008040428161,800,-69.62947845458984,-69.62947845458984,19532.04057177536,2.475791179688876,False,0,False,False,False,False,False,False,,,metastable,cluster unseen,False,168
mp-1422819,MnInF3,0.0323525176111134,2.4617000000000004,False,Pm-3m,0.1769008040428161,800,-69.62947845458984,-69.62947845458984,19532.04057177536,2.475791179688876,False,0,False,False,False,False,False,False,,,metastable,cluster unseen,False,169
mp-510490,GdScS3,0.0,1.1773999999999996,True,Pnma,0.1762574911117553,800,-141.55496215820312,-141.55496215820312,19112.36136619947,1.2909179641377535,False,0,False,False,False,False,False,False,,,on the hull,cluster unseen,False,170
mp-18946,VBO3,0.0,1.8527,True,R-3c,0.170305848121643,800,-38.63346099853516,-38.63346099853516,19524.707634554008,2.3753261144133737,False,0,False,False,False,False,False,False,,,on the hull,cluster unseen,False,171
mp-754345,LiTaO3,0.0886449690000059,2.3884,False,P4/mbm,0.1697563529014587,800,-25.011857986450195,-25.011857986450195,25237.32484368668,1.9227781127001504,False,4,False,False,False,False,False,False,,,metastable,cluster unseen,False,172
mp-552588,LiNbO3,0.0330080320000032,2.281952667388917,False,R-3c,0.1675918698310852,800,-58.33658599853516,-58.33658599853516,21022.610669556467,3.6102451405178138,False,3,False,False,False,False,False,False,,,metastable,cluster unseen,False,173
mp-674361,LiNbO3,0.010056417400003,2.9621,False,P1,0.1675918698310852,800,-58.33658599853516,-58.33658599853516,21022.610669556467,3.6102451405178138,False,3,False,False,False,False,False,False,,,metastable,cluster unseen,False,174
mp-676694,LiNbO3,0.0080152856666693,2.9835000000000003,False,P1,0.1675918698310852,800,-58.33658599853516,-58.33658599853516,21022.610669556467,3.6102451405178138,False,3,False,False,False,False,False,False,,,metastable,cluster unseen,False,175
mp-776108,LiNbO3,0.0298365945000043,2.7432,False,Pbcm,0.1675918698310852,800,-58.33658599853516,-58.33658599853516,21022.610669556467,3.6102451405178138,False,3,False,False,False,False,False,False,,,metastable,cluster unseen,False,176
mp-29799,KBiO3,0.0,0.4914,True,Pn-3,0.1659191846847534,800,-83.02685546875,-83.02685546875,12999.891790975338,2.0213804418784105,False,0,False,True,True,True,True,False,no evidence found,,on the hull,cluster unseen,False,177
mp-1189927,EuZrS3,0.0,0.1452999999999997,True,Pnma,0.1637562215328216,800,-136.4709014892578,-136.4709014892578,24262.276040345463,1.246089086387087,False,0,False,True,True,True,True,False,no evidence found,,on the hull,cluster unseen,False,178
mp-1345923,MgTiO3,0.0829077269999984,2.3299,False,Pnma,0.1633299589157104,800,-142.95025634765625,-142.95025634765625,18903.7464666793,3.8255134477943344,False,0,False,False,False,False,False,False,,,metastable,cluster unseen,False,179
mp-768539,AlTlO3,0.0753195514999998,0.7376999999999994,False,Pnma,0.1608336567878723,800,-59.37187957763672,59.37187957763672,30619.53603516512,3.54379659226391,True,6,False,False,False,False,False,False,,,metastable,cluster unseen,False,180
mp-3858,NaTaO3,0.0,2.5926,True,Pnma,0.159108966588974,800,-45.25852966308594,-45.25852966308594,28728.28004250161,1.592379375702305,False,3,False,False,False,False,False,False,,,on the hull,cluster unseen,False,181
mp-4170,NaTaO3,0.0277541294999981,2.2596,False,Pm-3m,0.159108966588974,800,-45.25852966308594,-45.25852966308594,28728.28004250161,1.592379375702305,False,3,False,False,False,False,False,False,,,metastable,cluster unseen,False,182
mp-4675,NaTaO3,0.0093388935000007,2.2808,False,P4/mbm,0.159108966588974,800,-45.25852966308594,-45.25852966308594,28728.28004250161,1.592379375702305,False,3,False,False,False,False,False,False,,,metastable,cluster unseen,False,183
mp-4699,NaTaO3,0.0033295580000007,2.3891,False,Cmcm,0.159108966588974,800,-45.25852966308594,-45.25852966308594,28728.28004250161,1.592379375702305,False,3,False,False,False,False,False,False,,,metastable,cluster unseen,False,184
mp-754818,NaTaO3,0.0867578065000014,2.7139,False,Fd-3m,0.159108966588974,800,-45.25852966308594,-45.25852966308594,28728.28004250161,1.592379375702305,False,3,False,False,False,False,False,False,,,metastable,cluster unseen,False,185
mp-1190131,LaScS3,0.0,1.6446000000000005,True,Pnma,0.1586670279502868,800,-135.6380615234375,-135.6380615234375,21324.616958844388,1.6627502197979085,False,0,False,False,False,False,False,False,,,on the hull,cluster unseen,False,186
mp-752429,ScTlO3,0.0787690023749974,0.9279999999999996,False,Pnma,0.154516726732254,800,-31.54673957824707,-31.54673957824707,23079.65167112836,1.980892212080003,False,0,False,False,False,False,False,False,,,metastable,cluster unseen,False,187
mp-556892,InBiO3,0.0289430770000009,2.7352000000000007,False,Pna2_1,0.1528564989566803,800,-94.342529296875,-94.342529296875,20130.22914964241,2.5219927276060257,False,0,False,False,False,False,False,False,,,metastable,cluster unseen,False,188
mp-561102,InBiO3,0.0399234685000013,2.388399999999999,False,Pnma,0.1528564989566803,800,-94.342529296875,-94.342529296875,20130.22914964241,2.5219927276060257,False,0,False,False,False,False,False,False,,,metastable,cluster unseen,False,189
mp-1378105,ZnBiO3,0.0806278960000002,0.8814050363816994,False,P2_1/c,0.1525376737117767,800,-82.2712173461914,-82.2712173461914,22860.439803996444,2.167326137036249,False,0,False,False,False,False,True,False,no evidence found,,metastable,cluster unseen,False,190
mp-1101263,TmInO3,0.0863472772499998,2.5259,False,Pnma,0.151825726032257,800,-3.1251983642578125,-3.1251983642578125,31425.900090058407,2.1330705133709267,False,5,False,False,False,False,False,False,,,metastable,cluster unseen,False,191
mp-1370061,MgVO3,0.0928165374999991,0.6976000000000004,False,Pnma,0.1453565061092376,800,-133.93325805664062,-133.93325805664062,22638.73598713829,3.453942379954611,False,0,False,False,False,False,True,False,no evidence found,,metastable,cluster unseen,False,192
mp-1278986,MnBO3,0.0323374645520715,0.5985999999999998,False,P-1,0.1404833197593689,800,-54.56645965576172,-54.56645965576172,9455.55450048944,2.3058017638715933,False,0,False,True,True,True,True,False,no evidence found,,metastable,cluster unseen,False,193
mp-1289597,MnBO3,0.0203677105520725,0.1516999999999999,False,C2/c,0.1404833197593689,800,-54.56645965576172,-54.56645965576172,9455.55450048944,2.3058017638715933,False,0,False,True,True,True,True,False,no evidence found,,metastable,cluster unseen,False,194
mp-4438,CaSnO3,0.0,2.3327,True,Pnma,0.1403780579566955,800,-53.42253875732422,-53.42253875732422,12104.909155282468,2.92406443092113,False,0,False,False,False,False,False,False,,,on the hull,cluster unseen,False,195
mp-757636,NbTlO3,0.0,0.7458,True,P1,0.1402432918548584,800,-29.667051315307617,-29.667051315307617,24243.396364792865,1.3876538042069393,False,0,False,False,False,False,False,False,,,on the hull,cluster unseen,False,196
mp-977408,NbTlO3,0.0906740972499937,0.1116000000000001,False,Pm-3m,0.1402432918548584,800,-29.667051315307617,-29.667051315307617,24243.396364792865,1.3876538042069393,False,0,False,False,False,False,False,False,,,metastable,cluster unseen,False,197
mp-1101462,NbTlO3,0.0013711412499954,0.946658554294193,False,Cc,0.1402432918548584,800,-29.667051315307617,-29.667051315307617,24243.396364792865,1.3876538042069393,False,0,False,False,False,False,False,False,,,metastable,cluster unseen,False,198
mp-555313,ScBiO3,0.0337337538750013,2.6897,False,Cc,0.1367518603801727,800,-78.44129180908203,-78.44129180908203,22876.23303473687,2.032988044647955,False,0,False,False,False,False,False,False,,,metastable,cluster unseen,False,199
mp-555769,ScBiO3,0.0344824253750006,2.6784,False,C2/c,0.1367518603801727,800,-78.44129180908203,-78.44129180908203,22876.23303473687,2.032988044647955,False,0,False,False,False,False,False,False,,,metastable,cluster unseen,False,200
mp-756205,ScBiO3,0.0321571613750002,2.7215,False,Pnma,0.1367518603801727,800,-78.44129180908203,-78.44129180908203,22876.23303473687,2.032988044647955,False,0,False,False,False,False,False,False,,,metastable,cluster unseen,False,201
mp-16293,KSbO3,0.0447229700000013,1.1212999999999995,False,Fd-3m,0.1359453797340393,800,2.985525131225586,2.985525131225586,10208.42055495656,2.051408971829016,False,3,True,False,False,False,False,False,,,metastable,cluster unseen,False,202
mp-989576,YWN3,0.0459397585000047,1.5404,False,R3c,0.1340732276439666,800,-15.97033977508545,15.97033977508545,33985.738014746334,2.125348240963668,True,6,False,False,False,False,False,False,,,metastable,cluster unseen,False,203
mp-8218,PrAlO3,0.0180234129999909,2.8792,False,Pm-3m,0.131343126296997,800,-101.0800323486328,-101.0800323486328,18876.182493102133,3.9060251550257856,False,0,False,False,False,False,False,False,,,metastable,cluster unseen,False,204
mp-1213810,CeLuO3,0.0570241827499984,0.1122000000000005,False,Pnma,0.1313289701938629,800,-104.6829605102539,-104.6829605102539,28233.339280319626,1.4150973771018798,False,0,False,False,True,False,True,False,no evidence found,,metastable,cluster unseen,False,205
mp-19097,FeBO3,0.0,1.4815999999999998,True,R-3c,0.1312563121318817,800,8.30123519897461,-8.30123519897461,8925.509657133809,2.34733063284085,True,6,True,False,False,False,False,False,,,on the hull,cluster unseen,False,206
mp-989524,LaWN3,0.0,1.1797000000000004,True,R3c,0.1305986940860748,800,-6.009624481201172,-6.009624481201172,31517.19285754124,2.212414595399945,False,0,False,False,False,False,False,False,,,on the hull,cluster unseen,False,207
mp-989601,LaWN3,0.0233291480000055,0.7063999999999995,False,R3m,0.1305986940860748,800,-6.009624481201172,-6.009624481201172,31517.19285754124,2.212414595399945,False,0,False,False,False,True,True,False,no evidence found,,metastable,cluster unseen,False,208
mp-769348,MgSnO3,0.0730104979999959,2.0089999999999995,False,Pnma,0.1305595338344574,800,-106.3602523803711,-106.3602523803711,19560.54078642133,3.019764729055164,False,0,False,False,False,False,False,False,,,metastable,cluster unseen,False,209
mp-9890,TaAgO3,0.0315954175000001,1.9158,False,R-3c,0.1292176246643066,800,-19.7586669921875,19.7586669921875,28857.99065826372,2.644028102043423,True,5,False,False,False,False,False,False,,,metastable,cluster unseen,False,210
mp-1187189,TaAgO3,0.0450003925000004,1.7306000000000004,False,Pm-3m,0.1292176246643066,800,-19.7586669921875,19.7586669921875,28857.99065826372,2.644028102043423,True,5,False,False,False,False,False,False,,,metastable,cluster unseen,False,211
mp-3442,CaTiO3,0.017396585500002,2.2417,False,I4/mcm,0.1261982321739196,800,-207.88034057617188,-207.88034057617188,16488.102952706,3.855717426675173,False,0,False,False,False,False,False,False,,,metastable,cluster unseen,False,212
mp-4019,CaTiO3,0.0,2.3053,True,Pnma,0.1261982321739196,800,-207.88034057617188,-207.88034057617188,16488.102952706,3.855717426675173,False,0,False,False,False,False,False,False,,,on the hull,cluster unseen,False,213
mp-5827,CaTiO3,0.0644675975000002,1.8272,False,Pm-3m,0.1261982321739196,800,-207.88034057617188,-207.88034057617188,16488.102952706,3.855717426675173,False,0,False,False,False,False,False,False,,,metastable,cluster unseen,False,214
mp-556003,CaTiO3,0.0114118105000002,2.1586,False,Imma,0.1261982321739196,800,-207.88034057617188,-207.88034057617188,16488.102952706,3.855717426675173,False,0,False,False,False,False,False,False,,,metastable,cluster unseen,False,215
mp-1205364,CaTiO3,0.0114495924999999,2.1378,False,Cmcm,0.1261982321739196,800,-207.88034057617188,-207.88034057617188,16488.102952706,3.855717426675173,False,0,False,False,False,False,False,False,,,metastable,cluster unseen,False,216
mp-14254,NdAlO3,0.0274909169999926,2.863600000000001,False,Pm-3m,0.1224621832370758,800,-88.15428924560547,-88.15428924560547,15429.559009610351,4.512842211861042,False,0,False,False,False,False,False,False,,,metastable,cluster unseen,False,217
mp-753781,EuHfO3,0.0,0.5973000000000006,True,Pm-3m,0.120331585407257,800,-130.7372589111328,-130.7372589111328,50956.83080166519,1.229337348165697,False,0,False,True,True,True,True,False,no evidence found,,on the hull,cluster unseen,False,218
mp-776154,AlFeO3,0.0803160834999996,2.1089,False,Pnma,0.1202988624572753,800,-160.91842651367188,-160.91842651367188,9973.688599097632,4.600863238176998,False,0,False,False,False,False,False,False,,,metastable,cluster unseen,False,219
mp-770581,MgMnO3,0.0767369350000004,0.536,False,Pnma,0.1202425360679626,800,-168.5513153076172,-168.5513153076172,6267.62354512391,3.0407265149093576,False,0,False,False,True,False,True,False,no evidence found,,metastable,cluster unseen,False,220
mp-1340971,ZnWO3,0.0889550014999995,1.8923,False,Pnma,0.1180990040302276,800,-19.737546920776367,19.737546920776367,18157.042045855487,2.5372960481402544,True,6,False,False,False,False,False,False,,,metastable,cluster unseen,False,221
mp-5052,TiCdO3,0.0387445740000007,2.4156,False,Pna2_1,0.1132715940475463,800,-65.46248626708984,-65.46248626708984,17792.167441178975,2.8761706582262887,False,0,False,False,False,False,False,False,,,metastable,cluster unseen,False,222
mp-14550,TiCdO3,0.0425426290000006,2.1213,False,Pnma,0.1132715940475463,800,-65.46248626708984,-65.46248626708984,17792.167441178975,2.8761706582262887,False,0,False,False,False,False,False,False,,,metastable,cluster unseen,False,223
mp-20940,TiCdO3,0.0395681674999996,2.4636,False,Pmc2_1,0.1132715940475463,800,-65.46248626708984,-65.46248626708984,17792.167441178975,2.8761706582262887,False,0,False,False,False,False,False,False,,,metastable,cluster unseen,False,224
mp-11623,LaInO3,0.0067064522499986,2.7459,False,Pnma,0.1125905513763427,800,-63.427711486816406,-63.427711486816406,18815.53440030394,2.2284101753748344,False,0,False,False,False,False,False,False,,,metastable,cluster unseen,False,225
mp-756546,ScVO3,0.0493919894999983,1.5053,False,Pnma,0.1098753213882446,800,45.81380462646485,45.81380462646485,53263.05833698981,3.1144101683900165,False,0,True,False,False,False,False,False,,,metastable,cluster unseen,False,226
mp-755580,VGaO3,0.0920560701249986,1.4157000000000002,False,Pnma,0.1093957126140594,800,-71.6462631225586,-71.6462631225586,17516.53626898171,2.6744635103571244,False,0,False,False,False,False,False,False,,,metastable,cluster unseen,False,227
mp-752437,SmInO3,0.0303930866249988,2.6396999999999995,False,Pnma,0.1081412136554718,800,-96.0168914794922,-96.0168914794922,29642.266368137098,2.080492988992722,False,0,False,False,False,False,False,False,,,metastable,cluster unseen,False,228
mp-22608,CaVO3,0.0011566264107081,0.4338999999999999,False,Pnma,0.1078859865665435,800,-82.3125991821289,-82.3125991821289,80537.6881352479,3.105204422893491,False,0,False,True,True,True,True,False,no evidence found,,metastable,cluster unseen,False,229
mp-1435359,CaVO3,0.0088146909107074,0.2606000000000001,False,P2_1/c,0.1078859865665435,800,-82.3125991821289,-82.3125991821289,80537.6881352479,3.105204422893491,False,0,False,True,True,True,True,False,no evidence found,,metastable,cluster unseen,False,230
mp-756082,AlVO3,0.0864430801249973,2.1442,False,Pnma,0.1065845191478729,800,-69.6258316040039,-69.6258316040039,22645.94548629954,3.6865870489369215,False,0,False,False,False,False,False,False,,,metastable,cluster unseen,False,231
mp-22224,MnSeO3,0.0202544244999876,2.8433,False,Pnma,0.1057572364807128,800,-98.12090301513672,-98.12090301513672,9188.036616424288,3.0199819070427214,False,0,False,False,False,False,False,False,,,metastable,cluster unseen,False,232
mp-849371,CdSnO3,0.0303832525000018,0.6937000000000002,False,Pnma,0.1047907769680023,800,-75.34609985351562,-75.34609985351562,23904.488538758065,2.250360502250621,False,0,False,False,False,False,False,False,,,metastable,cluster unseen,False,233
mp-756282,VBiO3,0.010364148125002,1.2434000000000005,False,Pnma,0.1040971279144287,800,-177.25637817382812,-177.25637817382812,27857.642255135703,1.0598976664703406,False,0,False,False,False,False,False,False,,,metastable,cluster unseen,False,234
mp-23477,MnBiO3,0.0281614210999983,1.4751000000000003,False,C2/c,0.1028912365436554,800,-109.5806121826172,-109.5806121826172,15861.092345199062,2.906118651700182,False,0,False,False,False,False,False,False,,,metastable,cluster unseen,False,235
mp-1194603,MnBiO3,0.0262128320999979,1.90163571702498,False,P2_1/c,0.1028912365436554,800,-109.5806121826172,-109.5806121826172,15861.092345199062,2.906118651700182,False,0,False,False,False,False,False,False,,,metastable,cluster unseen,False,236
mp-573119,BiRhO3,0.0619841773750007,0.3772999999999999,False,Pnma,0.1024192571640014,800,30.170875549316406,30.170875549316406,32901.46431565638,2.0491260672694365,False,0,True,False,True,False,True,False,no evidence found,,metastable,cluster unseen,False,237
mp-4342,KNbO3,0.0011901640000004,1.4744,False,P4mm,0.1019956767559051,800,-15.079507827758787,15.079507827758787,34203.41842423649,2.8213698263337865,True,6,False,False,False,False,False,False,,,metastable,cluster unseen,False,238
mp-5246,KNbO3,0.0003534000000016,2.0587,False,Amm2,0.1019956767559051,800,-15.079507827758787,15.079507827758787,34203.41842423649,2.8213698263337865,True,6,False,False,False,False,False,False,,,metastable,cluster unseen,False,239
mp-7375,KNbO3,0.0,2.3108,True,R3m,0.1019956767559051,800,-15.079507827758787,15.079507827758787,34203.41842423649,2.8213698263337865,True,6,False,False,False,False,False,False,,,on the hull,cluster unseen,False,240
mp-935811,KNbO3,0.0077302279999997,1.4215999999999998,False,Pm-3m,0.1019956767559051,800,-15.079507827758787,15.079507827758787,34203.41842423649,2.8213698263337865,True,6,False,False,False,False,False,False,,,metastable,cluster unseen,False,241
mp-1105306,TlCrO3,0.039864296500002,0.4300999999999995,False,Pnma,0.1017635762691497,800,22.07327461242676,-22.07327461242676,10749.37002342453,2.015346479925294,True,6,True,False,False,False,False,False,,,metastable,cluster unseen,False,242
mp-541177,GdVO3,0.0,1.4525999999999994,True,Pnma,0.097717136144638,800,1.763397216796875,-1.763397216796875,27994.423445618635,1.117410626385936,True,1,True,False,False,False,False,False,,,on the hull,cluster unseen,False,243
mp-22649,VCdO3,0.0701796605000009,0.4319000000000002,False,Pnma,0.0973610579967498,800,-105.91277313232422,-105.91277313232422,14183.750100305111,3.619931012487368,False,0,False,False,False,False,False,False,,,metastable,cluster unseen,False,244
mp-1105811,ScMnO3,0.0499739205624987,1.7893999999999997,False,P2_1/c,0.0967153012752533,800,-13.106988906860352,13.106988906860352,10102.13349252474,2.953962942853145,True,5,False,False,False,False,False,False,,,metastable,cluster unseen,False,245
mp-1178268,GdAlO3,0.0851176094000027,1.8885,False,Pm-3m,0.0962806642055511,800,-90.17448425292967,-90.17448425292967,15327.742141316568,2.3479582821684524,False,0,False,False,False,False,False,False,,,metastable,cluster unseen,False,246
mp-1188225,SmVO3,0.0,1.5136000000000005,True,Pnma,0.0957032442092895,800,27.699705123901367,-27.699705123901367,30583.148330566564,1.2922906670752663,True,4,True,False,False,False,False,False,,,on the hull,cluster unseen,False,247
mp-3614,KTaO3,0.0,2.0976,True,Pm-3m,0.0938925147056579,800,-77.45328521728516,-77.45328521728516,34320.33538539113,1.560663248506301,False,0,False,False,False,False,False,False,,,on the hull,cluster unseen,False,248
mp-754208,ErInO3,0.0797644929999998,2.5532,False,Pnma,0.0918436646461486,800,-0.6821575164794922,0.6821575164794922,30540.02971913102,1.974060039350997,True,6,False,False,False,False,False,False,,,metastable,cluster unseen,False,249
mp-989552,LaMoN3,0.0293490240000071,1.1509,False,R3c,0.0912402272224426,800,-26.049713134765625,26.049713134765625,30287.21365574188,2.048526990447685,True,6,False,False,False,False,False,False,,,metastable,cluster unseen,False,250
mp-554811,TbVO3,0.0,1.4395999999999995,True,Pnma,0.0911993086338043,800,-31.49339485168457,-31.49339485168457,31080.730705549224,1.2351378790681582,False,2,False,False,False,False,False,False,,,on the hull,cluster unseen,False,251
mp-1326513,MgWO3,0.0817830849999978,2.4380000000000006,False,Pnma,0.0909043252468109,800,-37.40122985839844,-37.40122985839844,28099.185249768143,1.5353030320283332,False,0,False,False,False,False,False,False,,,metastable,cluster unseen,False,252
mp-541129,NdVO3,0.0,1.5603999999999996,True,Pnma,0.0893939137458801,800,21.3710880279541,-21.3710880279541,19716.5431839889,1.706825136520371,True,3,True,False,False,False,False,False,,,on the hull,cluster unseen,False,253
mp-776984,HoInO3,0.0717123543750002,2.5765,False,Pnma,0.0882695019245147,800,-20.79034996032715,-20.79034996032715,29076.680260055804,2.133821556400285,False,1,False,False,False,False,False,False,,,metastable,cluster unseen,False,254
mp-1209329,PrVO3,0.0,1.3015999999999996,True,Pnma,0.0877078175544738,800,16.55368423461914,16.55368423461914,22080.911851537425,1.4864585487380333,False,0,True,False,False,False,False,False,,,on the hull,cluster unseen,False,255
mp-22789,DyVO3,0.0,1.6567999999999996,True,Pnma,0.0870825946331024,800,-33.507301330566406,-33.507301330566406,27827.65302779993,1.2807827659461897,False,2,False,False,False,False,False,False,,,on the hull,cluster unseen,False,256
mp-19205,ErVO3,0.0,1.5838,True,Pnma,0.085658460855484,800,-42.03944396972656,-42.03944396972656,28034.1634484868,1.2271131429234556,False,2,False,False,False,False,False,False,,,on the hull,cluster unseen,False,257
mp-18961,ScCrO3,0.0368469178749997,2.3991,False,Pnma,0.0853375196456909,800,-6.388791084289551,6.388791084289551,16140.932923906996,3.4704858940377687,True,3,False,False,False,False,False,False,,,metastable,cluster unseen,False,258
mp-1178989,TlNiO3,0.0754351371666661,0.1478000000000001,False,P2_1/c,0.085018366575241,800,-46.439208984375,46.439208984375,19051.03811299956,1.7371476104576504,True,6,False,False,False,False,False,False,,,metastable,cluster unseen,False,259
mp-755583,LuVO3,0.0057737502499968,1.5724999999999998,False,Pnma,0.0846787989139556,800,27.42778205871582,27.42778205871582,22478.01612579603,1.2265939876667926,False,0,True,False,False,False,False,False,,,metastable,cluster unseen,False,260
mp-2767717,LuVO3,0.0,0.2610999999999999,True,P2_1/c,0.0846787989139556,800,27.42778205871582,27.42778205871582,22478.01612579603,1.2265939876667926,False,0,True,True,True,True,True,False,no evidence found,,on the hull,cluster unseen,False,261
mp-769263,TbInO3,0.0560910488750003,2.5935,False,Pnma,0.0812490284442901,800,-40.55221557617188,-40.55221557617188,25474.46175860609,2.209414368041375,False,0,False,False,False,False,False,False,,,metastable,cluster unseen,False,262
mp-5537,NbAgO3,0.0594938496730765,1.7871,False,Pbcm,0.0806407928466796,800,1.8100528717041016,1.8100528717041016,13547.637554309013,4.716674761495433,False,1,True,False,False,False,False,False,,,metastable,cluster unseen,False,263
mp-12725,NbAgO3,0.0919056189230769,1.3336,False,Pm-3m,0.0806407928466796,800,1.8100528717041016,1.8100528717041016,13547.637554309013,4.716674761495433,False,1,True,False,False,False,False,False,,,metastable,cluster unseen,False,264
mp-1203481,NbAgO3,0.0605651891730776,1.7362135447607383,False,Pmc2_1,0.0806407928466796,800,1.8100528717041016,1.8100528717041016,13547.637554309013,4.716674761495433,False,1,True,False,False,False,False,False,,,metastable,cluster unseen,False,265
mp-1205362,NbAgO3,0.0718574189230762,0.9892,False,Cmcm,0.0806407928466796,800,1.8100528717041016,1.8100528717041016,13547.637554309013,4.716674761495433,False,1,True,False,False,False,False,False,,,metastable,cluster unseen,False,266
mp-1220387,NbAgO3,0.074483993923077,1.0242999999999998,False,P4/mbm,0.0806407928466796,800,1.8100528717041016,1.8100528717041016,13547.637554309013,4.716674761495433,False,1,True,False,False,False,False,False,,,metastable,cluster unseen,False,267
mp-1178360,DyInO3,0.0640329069999996,2.623,False,Pnma,0.0786819756031036,800,-31.295042037963867,-31.295042037963867,31912.201824406675,2.1151324085027885,False,0,False,False,False,False,False,False,,,metastable,cluster unseen,False,268
mp-755138,NdInO3,0.0147230442500001,2.6533,False,Pnma,0.0785334706306457,800,-61.22905731201172,-61.22905731201172,17867.458117308084,2.300268952049324,False,0,False,False,False,False,False,False,,,metastable,cluster unseen,False,269
mp-23456,CrBiO3,0.0226827880000008,1.3450000000000006,False,C2/c,0.0776943564414978,800,59.9822998046875,-59.9822998046875,12747.78209869903,2.3958078898181694,True,6,True,False,False,False,False,False,,,metastable,cluster unseen,False,270
mp-546027,CrBiO3,0.0147050410000026,1.9846,False,R3c,0.0776943564414978,800,59.9822998046875,-59.9822998046875,12747.78209869903,2.3958078898181694,True,6,True,False,False,False,False,False,,,metastable,cluster unseen,False,271
mp-559851,CrBiO3,0.0112026899999992,1.7904999999999998,False,Pnma,0.0776943564414978,800,59.9822998046875,-59.9822998046875,12747.78209869903,2.3958078898181694,True,6,True,False,False,False,False,False,,,metastable,cluster unseen,False,272
mp-1105819,InRhO3,0.0739175047499953,0.3223000000000002,False,Pnma,0.077526718378067,800,2.062715530395508,2.062715530395508,16948.683328600873,2.5372593100775305,False,3,True,False,True,False,True,False,no evidence found,,metastable,cluster unseen,False,273
mp-1203220,InRhO3,0.0406221204999948,1.039908569021823,False,P2_1/c,0.077526718378067,800,2.062715530395508,2.062715530395508,16948.683328600873,2.5372593100775305,False,3,True,False,False,False,False,False,,,metastable,cluster unseen,False,274
mp-1212778,GdInO3,0.052235792166666,2.5270116208736253,False,Pnma,0.0768909454345703,800,-34.844139099121094,-34.844139099121094,24142.563821173168,1.9261933878421944,False,0,False,False,False,False,False,False,,,metastable,cluster unseen,False,275
mp-1075911,RbNbO3,0.082736542000001,1.3578,False,Pm-3m,0.0760885775089263,600,-48.50029754638672,-48.50029754638672,34720.118723874744,2.7581333985331624,False,1,False,False,False,False,False,False,,,metastable,cluster unseen,False,276
mp-20699,YMnO3,0.0230952568333329,1.5091,False,Pnma,0.0751788616180419,800,32.87839889526367,32.87839889526367,7624.605577198797,2.788862422482305,False,0,True,False,False,False,False,False,,,metastable,cluster unseen,False,277
mp-20772,CaCrO3,0.0651140580000015,0.3943000000000003,False,Pnma,0.0747543573379516,800,12.378625869750977,-12.378625869750977,9406.58619201298,1.944990091244897,True,6,True,False,True,False,True,False,no evidence found,,metastable,cluster unseen,False,278
mp-756147,CrInO3,0.0512829044999998,1.4521000000000006,False,Pnma,0.0747022926807403,800,-31.97617530822754,-31.97617530822754,6719.076467404392,2.7481912328160174,False,0,False,False,False,False,False,False,,,metastable,cluster unseen,False,279
mp-22616,CoSeO3,0.029257131125,1.852,False,Pnma,0.0734946727752685,800,68.35576629638672,68.35576629638672,8064.449028925584,1.9118162977936644,False,0,True,False,False,False,False,False,,,metastable,cluster unseen,False,280
mp-19376,TiMnO3,0.0363191124999993,1.7771999999999997,False,R3c,0.073302686214447,800,-25.532804489135746,-25.532804489135746,7805.345536824259,3.93943051314138,False,2,False,False,False,False,False,False,,,metastable,cluster unseen,False,281
mp-556925,TiMnO3,0.0599898020000004,1.5349000000000004,False,Pnma,0.073302686214447,800,-25.532804489135746,-25.532804489135746,7805.345536824259,3.93943051314138,False,2,False,False,False,False,False,False,,,metastable,cluster unseen,False,282
mp-1207705,TmRhO3,0.0,1.3457,True,Pnma,0.0731977820396423,800,129.92771911621094,129.92771911621094,19843.547633347887,1.21898908616606,False,0,True,False,False,False,False,False,,,on the hull,cluster unseen,False,283
mp-755018,RbTaO3,0.0525669795000158,2.5106,False,R3m,0.072435438632965,800,-86.51497650146484,-86.51497650146484,32717.88826957974,1.670794515722298,False,0,False,False,False,False,False,False,,,metastable,cluster unseen,False,284
mp-1076534,RbTaO3,0.0566622735000148,2.0076,False,Pm-3m,0.072435438632965,800,-86.51497650146484,-86.51497650146484,32717.88826957974,1.670794515722298,False,0,False,False,False,False,False,False,,,metastable,cluster unseen,False,285
mp-754513,ZrMnO3,0.0428264210000044,2.6175,False,R3c,0.071775883436203,800,-5.808315277099609,5.808315277099609,14741.442273863508,2.9260520045079064,True,6,False,False,False,False,False,False,,,metastable,cluster unseen,False,286
mp-771055,EuZrO3,0.0933191865000111,0.3877000000000006,False,Pm-3m,0.0715965330600738,800,-168.6410675048828,-168.6410675048828,46251.296871406725,0.8954261948632177,False,0,False,False,True,False,True,False,no evidence found,,metastable,cluster unseen,False,287
mp-1106293,EuZrO3,0.0,0.5096999999999996,True,Pnma,0.0715965330600738,800,-168.6410675048828,-168.6410675048828,46251.296871406725,0.8954261948632177,False,0,False,True,True,True,True,False,no evidence found,,on the hull,cluster unseen,False,288
mp-1178354,EuZrO3,0.0843929492500112,0.4662999999999995,False,P2_13,0.0715965330600738,800,-168.6410675048828,-168.6410675048828,46251.296871406725,0.8954261948632177,False,0,False,False,True,False,True,False,no evidence found,,metastable,cluster unseen,False,289
mp-1342410,CaWO3,0.0536462823333376,1.9784000000000008,False,Pnma,0.0713723599910736,800,-91.17857360839844,-91.17857360839844,49558.147578665405,1.4617417461570097,False,0,False,False,False,False,False,False,,,metastable,cluster unseen,False,290
mp-1078470,TiZnO3,0.055374115500002,2.828,False,R3c,0.0704237520694732,800,-101.249267578125,-101.249267578125,14621.59303162775,3.602184152395701,False,0,False,False,False,False,False,False,,,metastable,cluster unseen,False,291
mp-505819,TlFeO3,0.0472809699999992,0.7036999999999995,False,Pnma,0.0701923072338104,800,105.38018035888672,105.38018035888672,11930.29194979463,3.204056763186723,False,0,True,False,False,False,False,False,,,metastable,cluster unseen,False,292
mp-769734,ScFeO3,0.0839461803749976,1.5712000000000002,False,Pnma,0.0696327686309814,800,-16.541780471801758,-16.541780471801758,6675.3064868324445,3.7995530110425406,False,2,False,False,False,False,False,False,,,metastable,cluster unseen,False,293
mp-19269,NdCrO3,0.0,2.54,True,Pnma,0.0693295896053314,800,211.94281005859372,211.94281005859372,5612.778554010218,1.8731163492100744,False,0,True,False,False,False,False,False,,,on the hull,cluster unseen,False,294
mp-1189736,ErNiO3,0.0015767070000007,0.3726000000000002,False,P2_1/c,0.0661167502403259,800,-15.123733520507812,15.123733520507812,14085.018863054427,1.1170458454493069,True,5,False,True,True,True,True,False,no evidence found,,metastable,cluster unseen,False,295
mp-5692,TbRhO3,0.0,0.8749000000000002,True,Pnma,0.0657930672168731,800,135.44287109375,135.44287109375,21175.365323475347,1.315452166495457,False,0,True,False,False,True,True,False,no evidence found,,on the hull,cluster unseen,False,296
mp-1216392,VCrO3,0.0075114801250038,1.6132999999999995,False,R3c,0.0654176771640777,800,-9.45033073425293,-9.45033073425293,29624.956969291798,3.524973268992619,False,2,False,False,False,False,False,False,,,metastable,cluster unseen,False,297
mp-777295,TmCrO3,0.0,2.6809,True,Pnma,0.0650831162929534,800,96.93151092529295,96.93151092529295,13709.812977033143,2.389108028995983,False,0,True,False,False,False,False,False,,,on the hull,cluster unseen,False,298
mp-4582,NdRhO3,0.0,0.6487000000000007,True,Pnma,0.0648433864116668,800,146.78956604003906,146.78956604003906,9536.257296778736,2.295181242890666,False,0,True,False,False,True,True,False,no evidence found,,on the hull,cluster unseen,False,299
mp-21125,LuMnO3,0.0503064981666696,0.4485081876543422,False,Pnma,0.0645668804645538,800,70.5052261352539,70.5052261352539,9077.700283162774,2.059279139713549,False,0,True,False,True,False,True,False,no evidence found,,metastable,cluster unseen,False,300
mp-13334,ZnSnO3,0.041423655,1.0809999999999995,False,R3c,0.0645019114017486,800,-100.01443481445312,-100.01443481445312,24228.228718028957,3.1433640479267835,False,0,False,False,False,False,False,False,,,metastable,cluster unseen,False,301
mp-1337169,ZnSnO3,0.0828422335,1.1063178585305646,False,Pnma,0.0645019114017486,800,-100.01443481445312,-100.01443481445312,24228.228718028957,3.1433640479267835,False,0,False,False,False,False,False,False,,,metastable,cluster unseen,False,302
mp-561954,TmCoO3,0.0226815634642871,1.1885999999999997,False,Pnma,0.0642945170402526,800,151.45274353027344,151.45274353027344,8612.261733923495,1.0895418171669455,False,0,True,False,False,False,False,False,,,metastable,cluster unseen,False,303
mp-25096,NiBiO3,0.0322425907500036,0.3548,False,P2_1/m,0.0639653205871582,800,7.128902435302734,-7.128902435302734,11946.132551227116,1.951331683194553,True,5,True,True,True,True,True,False,no evidence found,,metastable,cluster unseen,False,304
mp-1643785,ScCoO3,0.0691988195892872,0.8961999999999994,False,P2_1/c,0.0634925067424774,800,30.059471130371094,30.059471130371094,11977.515226974949,4.063181155373821,False,0,True,False,False,False,True,False,no evidence found,,metastable,cluster unseen,False,305
mp-1178214,FeSnO3,0.0351845345000008,0.989703830709586,False,Pnma,0.063461810350418,800,63.85502624511719,63.85502624511719,8337.662759685936,3.0788219583434286,False,0,True,False,False,False,False,False,,,metastable,cluster unseen,False,306
mp-19935,ErFeO3,0.0179546204999994,1.5929000000000002,False,Pnma,0.0630173087120056,800,135.8037109375,135.8037109375,5249.820875465991,1.8085435574197095,False,0,True,False,False,False,False,False,,,metastable,cluster unseen,False,307
mp-1213022,ErRhO3,0.0,0.9643714818411082,True,Pnma,0.0627656579017639,800,130.53074645996094,130.53074645996094,20412.53400172976,1.181751487311944,False,0,True,False,False,False,False,False,,,on the hull,cluster unseen,False,308
mp-22283,DyFeO3,0.006325670999999,0.9134000000000002,False,Pnma,0.0625328123569488,800,104.78504180908205,104.78504180908205,5287.67687357548,2.4171387824311394,False,0,True,False,False,False,False,False,,,metastable,cluster unseen,False,309
mp-1106224,MnVO3,0.0417526665000043,0.3157000000000005,False,Pnma,0.0616478621959686,800,-60.47523498535156,-60.47523498535156,6904.37192509282,3.63105938586632,False,0,False,True,True,True,True,False,no evidence found,,metastable,cluster unseen,False,310
mp-20783,YFeO3,0.0118179143749994,1.5888,False,Pnma,0.0611055195331573,800,121.1149673461914,121.1149673461914,6970.992182784124,3.16975182204437,False,0,True,False,False,False,False,False,,,metastable,cluster unseen,False,311
mp-1105822,PrCrO3,0.0,2.0419,True,Pnma,0.0606772601604461,800,279.0372619628906,279.0372619628906,4799.57062743938,1.5086820875799285,False,0,True,False,False,False,False,False,,,on the hull,cluster unseen,False,312
mp-18725,YCrO3,0.0,2.3271,True,Pnma,0.0602976083755493,800,85.46253204345703,85.46253204345703,7744.552673286313,2.8282290094745672,False,0,True,False,False,False,False,False,,,on the hull,cluster unseen,False,313
mp-19063,ErCrO3,0.0,0.2483000000000004,True,Pnma,0.0600818693637847,800,88.30243682861328,88.30243682861328,11317.692268706498,2.0968516943756312,False,0,True,True,True,True,True,False,no evidence found,,on the hull,cluster unseen,False,314
mp-19381,DyCrO3,0.0,2.5405999999999995,True,Pnma,0.0598925054073333,800,102.9323272705078,102.9323272705078,11154.77996760348,2.543941663054962,False,0,True,False,False,False,False,False,,,on the hull,cluster unseen,False,315
mp-3317,SmRhO3,0.0,0.7331000000000003,True,Pnma,0.0595999658107757,800,109.66254425048828,109.66254425048828,14424.586380003762,1.6160027392535266,False,0,True,False,False,True,True,False,no evidence found,,on the hull,cluster unseen,False,316
mp-1105788,SmCrO3,0.0,2.4786,True,Pnma,0.0591945350170135,800,145.16845703125,145.16845703125,11741.390390924043,1.5276174270446563,False,0,True,False,False,False,False,False,,,on the hull,cluster unseen,False,317
mp-4789,PrRhO3,0.0,0.6036999999999999,True,Pnma,0.0591515004634857,800,139.58322143554688,139.58322143554688,8041.151330508903,1.9706843037813653,False,0,True,False,False,True,True,False,no evidence found,,on the hull,cluster unseen,False,318
mp-1212108,HoRhO3,0.0,0.9606739563708188,True,Pnma,0.0590523481369018,800,115.09271240234376,115.09271240234376,22509.2084880722,1.2666894796453905,False,0,True,False,False,False,False,False,,,on the hull,cluster unseen,False,319
mp-756834,HoCrO3,0.0,2.3515999999999995,True,Pnma,0.0589794218540191,800,97.52826690673828,97.52826690673828,10247.494837763206,2.322815682289426,False,0,True,False,False,False,False,False,,,on the hull,cluster unseen,False,320
mp-18331,GdCrO3,0.0,2.6309,True,Pnma,0.0587948262691497,800,95.49151611328124,95.49151611328124,10262.239038576565,2.1603758365616894,False,0,True,False,False,False,False,False,,,on the hull,cluster unseen,False,321
mp-562779,ErCoO3,0.0,1.4471000000000005,True,Pnma,0.0585227608680725,800,146.6500701904297,146.6500701904297,7504.6496686630335,0.9495402386644664,False,0,True,False,False,False,False,False,,,on the hull,cluster unseen,False,322
mp-19270,TiFeO3,0.0317737499999992,2.5309,False,R3c,0.0584732294082641,800,-44.96028900146485,-44.96028900146485,8903.360157060364,3.618687197491864,False,0,False,False,False,False,False,False,,,metastable,cluster unseen,False,323
mp-20073,TiFeO3,0.0718263530000005,1.4865000000000004,False,Pnma,0.0584732294082641,800,-44.96028900146485,-44.96028900146485,8903.360157060364,3.618687197491864,False,0,False,False,False,False,False,False,,,metastable,cluster unseen,False,324
mp-19785,HoFeO3,0.0122662793749999,1.5034,False,Pnma,0.0584132373332977,800,107.97273254394533,107.97273254394533,4421.508780443464,2.065248766872436,False,0,True,False,False,False,False,False,,,metastable,cluster unseen,False,325
mp-1212884,DyRhO3,0.0,0.8884318524889769,True,Pnma,0.0582717955112457,800,120.3826141357422,120.3826141357422,23713.70966625111,1.2559418576093957,False,0,True,False,False,True,True,False,no evidence found,,on the hull,cluster unseen,False,326
mp-607467,CaMoO3,0.0,1.1050000000000004,True,P2_1/c,0.0576107800006866,800,13.600202560424805,-13.600202560424805,112810.25708536536,3.129068870122205,True,6,True,False,False,False,False,False,,,on the hull,cluster unseen,False,327
mp-1045305,CaMoO3,0.0096948095000026,1.0948000000000002,False,P-1,0.0576107800006866,800,13.600202560424805,-13.600202560424805,112810.25708536536,3.129068870122205,True,6,True,False,False,False,False,False,,,metastable,cluster unseen,False,328
mp-22203,SmMnO3,0.0,1.4644000000000004,True,Pnma,0.0571428537368774,800,-45.04264068603516,45.04264068603516,12387.432862561222,2.1350403310593693,True,6,False,False,False,False,False,False,,,on the hull,cluster unseen,False,329
mp-20852,NdMnO3,0.0,1.898,True,Pnma,0.0568545460700988,800,66.51534271240234,66.51534271240234,7265.757407297722,1.9986911823603644,False,0,True,False,False,False,False,False,,,on the hull,cluster unseen,False,330
mp-756124,TbCrO3,0.0,2.5095,True,Pnma,0.0551482141017913,800,122.63958740234376,122.63958740234376,10066.315428200176,2.1951092796851017,False,0,True,False,False,False,False,False,,,on the hull,cluster unseen,False,331
mp-772528,MnZnO3,0.098382452,0.1149,False,Pnma,0.0548108518123626,800,-98.77266693115234,-98.77266693115234,5489.760862882431,3.4596768022681506,False,0,False,False,True,False,True,False,no evidence found,,metastable,cluster unseen,False,332
mp-22103,DyMnO3,0.022302571166664,0.9994999999999998,False,Pnma,0.0546453893184661,800,154.72573852539062,154.72573852539062,10721.02279503743,2.8639656283467154,False,0,True,False,False,False,False,False,,,metastable,cluster unseen,False,333
mp-19853,TbFeO3,6.255587500092474e-05,1.6263,False,Pnma,0.0538438260555267,800,77.22732543945312,77.22732543945312,7594.723625008728,2.6901399936157904,False,0,True,False,False,False,False,False,,,metastable,cluster unseen,False,334
mp-1205366,LuRhO3,0.0,1.0887000000000002,True,Pnma,0.0538170635700225,800,108.5271453857422,108.5271453857422,13564.560693396654,1.1849685019409022,False,0,True,False,False,False,False,False,,,on the hull,cluster unseen,False,335
mp-1178219,HfNiO3,0.0968432885000023,2.7983,False,P2_1/c,0.0536924600601196,800,-26.886629104614254,-26.886629104614254,18062.31645981505,1.7066344068211925,False,0,False,False,False,False,False,False,,,metastable,cluster unseen,False,336
mp-1188449,ScRhO3,0.0511400981249963,1.0496999999999996,False,Pnma,0.0532364845275878,800,38.55513381958008,38.55513381958008,14872.165980076536,3.0592198908110144,False,0,True,False,False,False,False,False,,,metastable,cluster unseen,False,337
mp-1196890,ScRhO3,0.0246142638749962,1.1204903046814725,False,P2_1/c,0.0532364845275878,800,38.55513381958008,38.55513381958008,14872.165980076536,3.0592198908110144,False,0,True,False,False,False,False,False,,,metastable,cluster unseen,False,338
mp-755471,LuCrO3,0.0,2.7252,True,Pnma,0.0531325042247772,800,60.10051727294922,60.10051727294922,8487.97583305625,1.9696515292021453,False,0,True,False,False,False,False,False,,,on the hull,cluster unseen,False,339
mp-1188346,CoBiO3,0.0822287949999989,0.3878000000000003,False,Pnma,0.0505341589450836,800,92.24811553955078,92.24811553955078,11181.17998627187,1.9486580939470888,False,0,True,False,True,False,True,False,no evidence found,,metastable,cluster unseen,False,340
mp-20407,NdFeO3,0.0,1.7311,True,Pnma,0.0502417981624603,800,88.29632568359375,88.29632568359375,5365.865021829419,2.2712813758540658,False,0,True,False,False,False,False,False,,,on the hull,cluster unseen,False,341
mp-22081,HoMnO3,0.0288150980000008,1.9915000000000005,False,Pnma,0.0499757826328277,800,155.2371368408203,155.2371368408203,11638.581780112076,2.8974639650092664,False,0,True,False,False,False,False,False,,,metastable,cluster unseen,False,342
mp-19319,ErMnO3,0.0344051806666669,1.0455,False,Pnma,0.0498887300491333,800,-133.8996124267578,133.8996124267578,11058.157948195869,2.4458552157499454,True,3,False,False,False,False,False,False,,,metastable,cluster unseen,False,343
mp-753534,HfCoO3,0.0948615120000031,2.4865,False,Pnma,0.0471647977828979,800,31.235557556152344,31.235557556152344,18585.45169437895,1.751104249227084,False,0,True,False,False,False,False,False,,,metastable,cluster unseen,False,344
mp-756665,ZrCoO3,0.0785098070000032,1.7275,False,Pnma,0.0450517833232879,800,3.226840019226074,3.226840019226074,9825.854802935302,3.1984374217280425,False,0,True,False,False,False,False,False,,,metastable,cluster unseen,False,345
mp-554270,TmMnO3,0.0410788485000015,2.0076,False,Pnma,0.0446632206439971,800,-81.97799682617188,81.97799682617188,12797.03281071428,2.6023177991844846,True,6,False,False,False,False,False,False,,,metastable,cluster unseen,False,346
mp-20651,TmFeO3,0.0243056352500001,1.6096,False,Pnma,0.0441972911357879,800,162.40988159179688,162.40988159179688,7341.488848578291,1.748428719865299,False,0,True,False,False,False,False,False,,,metastable,cluster unseen,False,347
mp-22588,LuFeO3,0.0360391231249987,1.6083000000000005,False,Pnma,0.0434648096561431,800,89.03347778320312,89.03347778320312,12403.90767674224,2.0672119862576523,False,0,True,False,False,False,False,False,,,metastable,cluster unseen,False,348
mp-691106,MnSnO3,0.0223195970000018,0.2294,False,R3c,0.0431120097637176,800,-67.09519958496094,-67.09519958496094,10159.55150840239,3.189132115541105,False,0,False,True,True,True,True,False,no evidence found,,metastable,cluster unseen,False,349
mp-20243,SmFeO3,0.0,1.545,True,Pnma,0.0424996316432952,800,97.56755065917967,97.56755065917967,6613.657463898955,2.007550671000897,False,0,True,False,False,False,False,False,,,on the hull,cluster unseen,False,350
mp-22341,PrFeO3,0.0,1.0793000000000004,True,Pnma,0.0424857437610626,800,102.58169555664062,102.58169555664062,4571.143515184228,1.6100834414042051,False,0,True,False,False,False,False,False,,,on the hull,cluster unseen,False,351
mp-18841,LaCrO3,0.0914568244999998,2.1156999999999995,False,Pm-3m,0.0421591401100158,800,153.89649963378906,153.89649963378906,2394.420564198429,2.0609509813039453,False,0,True,False,False,False,False,False,,,metastable,cluster unseen,False,352
mp-19281,LaCrO3,0.0,2.3706000000000005,True,Pnma,0.0421591401100158,800,153.89649963378906,153.89649963378906,2394.420564198429,2.0609509813039453,False,0,True,False,False,False,False,False,,,on the hull,cluster unseen,False,353
mp-1209810,NiTeO3,0.0463462223333346,2.5735,False,Pnma,0.0420868098735809,800,30.369783401489254,30.369783401489254,8455.83351335113,1.9291758242503112,False,1,True,False,False,False,False,False,,,metastable,cluster unseen,False,354
mp-1207629,YRhO3,0.0,1.1799999999999995,True,Pnma,0.0418175160884857,800,101.9159164428711,101.9159164428711,13878.728984670077,2.387098237557983,False,0,True,False,False,False,False,False,,,on the hull,cluster unseen,False,355
mp-753790,HfFeO3,0.0961925840000041,2.1447000000000003,False,Pnma,0.040120780467987,800,-10.992497444152832,10.992497444152832,16120.565406303833,1.783745639387155,True,6,False,False,False,False,False,False,,,metastable,cluster unseen,False,356
mp-753856,HfFeO3,0.0626525855000021,2.9099000000000004,False,Pnma,0.040120780467987,800,-10.992497444152832,10.992497444152832,16120.565406303833,1.783745639387155,True,6,False,False,False,False,False,False,,,metastable,cluster unseen,False,357
mp-1379411,YMoO3,0.0295691505937529,2.2163160966916937,False,Pnma,0.0392236709594726,800,53.97944641113281,53.97944641113281,19260.19994803565,2.353302827284731,False,0,True,False,False,False,False,False,,,metastable,cluster unseen,False,358
mp-776207,CeNiO3,0.0952567235000039,0.9323000000000006,False,Pnma,0.0364079773426055,800,-35.69530487060547,-35.69530487060547,38479.49573104878,2.33152581151268,False,0,False,False,False,False,False,False,,,metastable,cluster unseen,False,359
mp-756062,CeFeO3,0.0797908600000028,0.6735999999999995,False,Pnma,0.036157876253128,800,5.733198165893555,-5.733198165893555,9997.463467622025,1.761903712915584,True,5,True,False,False,False,True,False,no evidence found,,metastable,cluster unseen,False,360
mp-752613,CoSnO3,0.0762659565000021,0.9832,False,Pnma,0.030245155096054,800,59.686256408691406,59.686256408691406,10452.176565450274,1.988045004494728,False,0,True,False,False,False,False,False,,,metastable,cluster unseen,False,361
mp-568570,CsSnI3,0.0110591610000034,0.6097000000000001,False,Pnma,0.5773439407348633,800,144.09661865234375,144.09661865234375,9233.824107107876,0.6232032700639945,False,0,True,False,False,True,True,True,yes,10.1016/j.orgel.2019.105488,metastable,cluster seen in training,False,1
mp-614013,CsSnI3,0.0,0.4499999999999997,True,Pm-3m,0.5773439407348633,800,144.09661865234375,144.09661865234375,9233.824107107876,0.6232032700639945,False,0,True,True,True,True,True,True,yes,10.1016/j.orgel.2019.105488,on the hull,cluster seen in training,True,2
mp-616378,CsSnI3,0.0118439939999976,0.5435000000000003,False,P4/mbm,0.5773439407348633,800,144.09661865234375,144.09661865234375,9233.824107107876,0.6232032700639945,False,0,True,True,True,True,True,True,yes,10.1016/j.orgel.2019.105488,metastable,cluster seen in training,False,3
mp-4651,SrTiO3,0.0,1.8559,True,I4/mcm,0.1443308293819427,800,-297.18096923828125,-297.18096923828125,8680.366249727787,4.510266393108519,False,0,False,False,False,False,False,True,,,on the hull,cluster seen in training,False,4
mp-5229,SrTiO3,0.0004700539999991,1.7658999999999998,False,Pm-3m,0.1443308293819427,800,-297.18096923828125,-297.18096923828125,8680.366249727787,4.510266393108519,False,0,False,False,False,False,False,True,,,metastable,cluster seen in training,False,5
mp-551830,SrTiO3,8.474800000080052e-05,1.7869999999999997,False,I4/mcm,0.1443308293819427,800,-297.18096923828125,-297.18096923828125,8680.366249727787,4.510266393108519,False,0,False,False,False,False,False,True,,,metastable,cluster seen in training,False,6
mp-3187,BaCeO3,0.0,2.4469,True,Pnma,0.1400593519210815,800,-142.9170684814453,-142.9170684814453,27975.68033298401,1.2763659104880192,False,0,False,False,False,False,False,True,,,on the hull,cluster seen in training,False,7
mp-3316,BaCeO3,0.0006426110000017,2.4637,False,Imma,0.1400593519210815,800,-142.9170684814453,-142.9170684814453,27975.68033298401,1.2763659104880192,False,0,False,False,False,False,False,True,,,metastable,cluster seen in training,False,8
mp-4900,BaCeO3,0.0025211640000009,2.4505,False,R-3c,0.1400593519210815,800,-142.9170684814453,-142.9170684814453,27975.68033298401,1.2763659104880192,False,0,False,False,False,False,False,True,,,metastable,cluster seen in training,False,9
mp-5663,BaCeO3,0.0403338960000017,2.2990000000000004,False,Pm-3m,0.1400593519210815,800,-142.9170684814453,-142.9170684814453,27975.68033298401,1.2763659104880192,False,0,False,False,False,False,False,True,,,metastable,cluster seen in training,False,10
mp-2879,SrSnO3,0.0,1.7406,True,Pnma,0.1045674085617065,800,-76.82117462158203,-76.82117462158203,8677.05973413083,3.676337322428717,False,0,False,False,False,False,False,True,,,on the hull,cluster seen in training,False,11
mp-12866,SrSnO3,0.0036590239999982,1.6169000000000002,False,Imma,0.1045674085617065,800,-76.82117462158203,-76.82117462158203,8677.05973413083,3.676337322428717,False,0,False,False,False,False,False,True,,,metastable,cluster seen in training,False,12
mp-12867,SrSnO3,0.0067069569999995,1.5614,False,I4/mcm,0.1045674085617065,800,-76.82117462158203,-76.82117462158203,8677.05973413083,3.676337322428717,False,0,False,False,False,False,False,True,,,metastable,cluster seen in training,False,13
mp-546973,SrSnO3,0.0477347734999993,0.9749,False,Pm-3m,0.1045674085617065,800,-76.82117462158203,-76.82117462158203,8677.05973413083,3.676337322428717,False,0,False,False,False,False,False,True,,,metastable,cluster seen in training,False,14
mp-3163,BaSnO3,0.0,0.3730000000000002,True,Pm-3m,0.103229820728302,800,-74.40353393554688,-74.40353393554688,30262.6820756769,6.701993964078981,False,0,False,True,True,True,True,True,yes,10.1016/j.mseb.2009.10.002,on the hull,cluster seen in training,True,15
mp-1178513,BaSnO3,0.0006460229999962,0.6650999999999998,False,Imma,0.103229820728302,800,-74.40353393554688,-74.40353393554688,30262.6820756769,6.701993964078981,False,0,False,False,False,True,True,True,yes,10.1016/j.mseb.2009.10.002,metastable,cluster seen in training,False,16
mp-2998,BaTiO3,0.014779579999999,1.6675,False,Pm-3m,0.0857491493225097,800,-318.7575378417969,-318.7575378417969,10394.217392272085,3.1034897630119405,False,0,False,False,False,False,False,True,,,metastable,cluster seen in training,False,17
mp-5020,BaTiO3,4.098999999868624e-05,2.5527,False,R3m,0.0857491493225097,800,-318.7575378417969,-318.7575378417969,10394.217392272085,3.1034897630119405,False,0,False,False,False,False,False,True,,,metastable,cluster seen in training,False,18
mp-5777,BaTiO3,0.0,2.2934,True,Amm2,0.0857491493225097,800,-318.7575378417969,-318.7575378417969,10394.217392272085,3.1034897630119405,False,0,False,False,False,False,False,True,,,on the hull,cluster seen in training,False,19
mp-5986,BaTiO3,0.0019565740000011,1.7236999999999996,False,P4mm,0.0857491493225097,800,-318.7575378417969,-318.7575378417969,10394.217392272085,3.1034897630119405,False,0,False,False,False,False,False,True,,,metastable,cluster seen in training,False,20
mp-19201,CaMnO3,0.0350749438333366,0.4685999999999999,False,Pnma,0.0786462724208831,800,-289.148681640625,-289.148681640625,2816.29354259134,3.76592147099969,False,0,False,True,True,True,True,True,yes,10.1109/ict.2006.331291,metastable,cluster seen in training,False,21
mp-22949,FeBiO3,0.0335794110000016,1.8064,False,R3m,0.0737191140651702,800,340.5955810546875,340.5955810546875,8887.093911177093,3.2559877808055484,False,0,True,False,False,False,False,True,,,metastable,cluster seen in training,False,22
mp-23501,FeBiO3,0.0016325030000015,1.2984,False,R3c,0.0737191140651702,800,340.5955810546875,340.5955810546875,8887.093911177093,3.2559877808055484,False,0,True,False,False,False,False,True,,,metastable,cluster seen in training,False,23
mp-645159,FeBiO3,0.0116057660000015,1.5419999999999998,False,Pnma,0.0737191140651702,800,340.5955810546875,340.5955810546875,8887.093911177093,3.2559877808055484,False,0,True,False,False,False,False,True,,,metastable,cluster seen in training,False,24
mp-1193035,FeBiO3,0.0564112610000018,1.6586,False,C2/m,0.0737191140651702,800,340.5955810546875,340.5955810546875,8887.093911177093,3.2559877808055484,False,0,True,False,False,False,False,True,,,metastable,cluster seen in training,False,25
mp-19802,TbCoO3,0.0,1.4160999999999997,True,Pnma,0.0613223612308502,800,110.06371307373048,110.06371307373048,11853.765432214052,1.2239446415643214,False,0,True,False,False,False,False,True,,,on the hull,cluster seen in training,False,26
mp-20031,NdCoO3,0.0781587439998885,0.791412993383716,False,Pm-3m,0.0588633120059967,800,94.14511108398438,94.14511108398438,30461.39874769844,2.4741653119025124,False,0,True,False,False,False,True,True,yes,10.1016/j.ceramint.2020.04.113,metastable,cluster seen in training,False,27
mp-22599,NdCoO3,0.0,1.2315999999999994,True,Pnma,0.0588633120059967,800,94.14511108398438,94.14511108398438,30461.39874769844,2.4741653119025124,False,0,True,False,False,False,False,True,,,on the hull,cluster seen in training,False,28
mp-22564,PrMnO3,0.0,1.402,True,Pnma,0.0582314133644104,800,63.23472595214844,63.23472595214844,4885.677145802115,1.3159785879022694,False,0,True,False,False,False,False,True,,,on the hull,cluster seen in training,False,29
mp-22137,DyCoO3,0.0093079522142867,1.1903999999999997,False,Pnma,0.058109313249588,800,117.7016372680664,117.7016372680664,5835.248744693327,0.8857006514786417,False,0,True,False,False,False,False,True,,,metastable,cluster seen in training,False,30
mp-20570,HoCoO3,0.0,1.1622,True,Pnma,0.0581058263778686,800,144.1683349609375,144.1683349609375,7034.303645349553,0.9616842982901213,False,0,True,False,False,False,False,True,,,on the hull,cluster seen in training,False,31
mp-22055,TbMnO3,0.0,1.4940000000000009,True,Pnma,0.0559929907321929,800,196.28424072265625,196.28424072265625,10686.506362830123,3.249468712767036,False,0,True,False,False,False,False,True,,,on the hull,cluster seen in training,False,32
mp-20016,SmCoO3,0.0,1.3174,True,Pnma,0.0554437935352325,800,190.23838806152344,190.23838806152344,100862.73704285108,2.4397209689230874,False,0,True,False,False,False,False,True,,,on the hull,cluster seen in training,False,33
mp-1273178,YCoO3,0.0116558665892867,0.3085,False,P-1,0.0498634278774261,800,208.14431762695312,208.14431762695312,10802.07833307052,2.9934663808541235,False,0,True,True,True,True,True,True,yes,10.1088/1674-1056/24/4/047202,metastable,cluster seen in training,False,34
mp-1288734,YCoO3,0.0154647095892865,0.1141,False,P2_1/c,0.0498634278774261,800,208.14431762695312,208.14431762695312,10802.07833307052,2.9934663808541235,False,0,True,True,True,True,True,True,yes,10.1088/1674-1056/24/4/047202,metastable,cluster seen in training,False,35
mp-20090,PrCoO3,0.0,1.1319000000000004,True,Pnma,0.0482566654682159,800,69.34271240234375,69.34271240234375,32436.963037851798,1.902621292483682,False,0,True,False,False,False,False,True,,,on the hull,cluster seen in training,False,36
mp-5163,LaRhO3,0.0,0.5951000000000004,True,Pnma,0.0464451909065246,800,421.4407958984375,421.4407958984375,3491.895445942402,1.8089790998071773,False,0,True,True,True,True,True,True,yes,10.1007/s11664-009-0666-x,on the hull,cluster seen in training,True,37
mp-1284950,LaNiO3,0.020568577999998,0.3559999999999998,False,P-1,0.0447935163974761,800,-11.69036102294922,-11.69036102294922,27301.156444562937,2.861861149565957,False,0,False,True,True,True,True,True,yes,10.1007/s13391-013-0034-0,metastable,cluster seen in training,False,38
mp-19051,LaCoO3,0.0033163850000006,1.0014000000000003,False,R-3c,0.0388060510158538,800,35.42579650878906,35.42579650878906,38471.72272319499,2.578244231030096,False,0,True,False,False,False,False,True,,,metastable,cluster seen in training,False,39
mp-573180,LaCoO3,0.0765487460000002,0.6210999999999993,False,Pm-3m,0.0388060510158538,800,35.42579650878906,35.42579650878906,38471.72272319499,2.578244231030096,False,0,True,False,False,False,True,True,yes,10.1080/14786435.2016.1263404,metastable,cluster seen in training,False,40
mp-1185232,LaCoO3,0.0474867225000004,0.973,False,Pnma,0.0388060510158538,800,35.42579650878906,35.42579650878906,38471.72272319499,2.578244231030096,False,0,True,False,False,False,False,True,,,metastable,cluster seen in training,False,41
mp-1272753,LaCoO3,0.0304298195000001,0.6738999999999997,False,P1,0.0388060510158538,800,35.42579650878906,35.42579650878906,38471.72272319499,2.578244231030096,False,0,True,False,False,True,True,True,yes,10.1080/14786435.2016.1263404,metastable,cluster seen in training,False,42
mp-1273989,LaCoO3,0.0179204554999996,0.8045999999999998,False,P2_1/c,0.0388060510158538,800,35.42579650878906,35.42579650878906,38471.72272319499,2.578244231030096,False,0,True,False,False,True,True,True,yes,10.1080/14786435.2016.1263404,metastable,cluster seen in training,False,43
mp-1288145,LaCoO3,0.0,0.2793000000000001,True,R-3,0.0388060510158538,800,35.42579650878906,35.42579650878906,38471.72272319499,2.578244231030096,False,0,True,True,True,True,True,True,yes,10.1080/14786435.2016.1263404,on the hull,cluster seen in training,True,44
mp-1504268,LaCoO3,0.0551452460000003,0.9444999999999996,False,Imma,0.0388060510158538,800,35.42579650878906,35.42579650878906,38471.72272319499,2.578244231030096,False,0,True,False,False,False,False,True,,,metastable,cluster seen in training,False,45
mp-22590,LaFeO3,0.0277720220000148,1.4333999999999998,False,Pnma,0.0355176329612731,800,112.64439392089844,-112.64439392089844,5326.516368048778,2.286112355497343,True,6,True,False,False,False,False,True,,,metastable,cluster seen in training,False,46
mp-1078634,LaFeO3,0.0,1.9509,True,R-3c,0.0355176329612731,800,112.64439392089844,-112.64439392089844,5326.516368048778,2.286112355497343,True,6,True,False,False,False,False,True,,,on the hull,cluster seen in training,False,47
mp-1542758,SrMoO3,0.0,1.3088000000000006,True,C2/m,0.0340701639652252,800,23.75433158874512,-23.75433158874512,51124.84067058501,2.470384417116496,True,6,True,False,False,False,False,True,,,on the hull,cluster seen in training,False,48
