material_id,formula,ehull,gap,is_stable,spg_symbol,zT_max,T_at_zT_max,S_at_max,S_reg_at_max,sigma_at_max,kappa_at_max,sign_overridden_at_max,n_sign_overridden_of_6,p_type_at_max,in_main,in_E_hull_0.10,in_gap_cap_0.9,in_E_hull_0.10_cap_0.9,cluster_seen_any,previously_studied_as_thermoelectric,literature_doi,stability,group,shortlist,rank_in_group_all_409,rank_in_group_main_30
mp-571458,RbGeI3,0.013385509333331,0.5181,False,Pm-3m,0.6067349910736084,800,100.24559783935548,100.24559783935548,18070.1318270339,0.6883757571782042,False,0,True,True,True,True,True,False,yes,10.1016/j.mtcomm.2021.102650,metastable,cluster unseen,False,16,1
mp-27214,CsSnBr3,0.0111951395000025,0.5984,False,Pm-3m,0.5707186460494995,800,38.0009765625,38.0009765625,14089.164028836807,0.6697310071120083,False,0,True,True,True,True,True,False,yes,10.1016/j.cplett.2020.137637,metastable,cluster unseen,False,21,2
mp-5168,AlSiP3,0.0072239124999988,0.2885999999999997,False,Pnma,0.3727837800979614,800,165.39041137695312,165.39041137695312,12682.898903254214,4.639836585418524,False,0,True,True,True,True,True,False,no evidence found,,metastable,cluster unseen,False,46,3
mp-1206801,RbEuCl3,0.0383723899999992,0.4541999999999997,False,Pm-3m,0.3537038564682007,800,16.590797424316406,16.590797424316406,35815.806864205195,1.328260986192329,False,0,True,True,True,True,True,False,no evidence found,,metastable,cluster unseen,False,56,4
mp-29164,SrBiO3,0.0,0.3106,True,P2_1/c,0.2136446982622146,800,-133.5500946044922,-133.5500946044922,6026.2732827273785,2.190138583509884,False,0,False,True,True,True,True,False,no evidence found,,on the hull,cluster unseen,False,116,5
mp-1180782,KCrF3,0.0020262390000009,0.1573999999999999,False,Ibam,0.2095914185047149,800,28.80355262756348,-28.80355262756348,24438.865935065223,2.186789923307908,True,6,True,True,True,True,True,False,no evidence found,,metastable,cluster unseen,False,122,6
mp-1190059,EuHfS3,0.0,0.1287000000000002,True,Pnma,0.2011007815599441,800,-68.01071166992188,-68.01071166992188,30704.507996638677,1.5239158557804615,False,0,False,True,True,True,True,False,no evidence found,,on the hull,cluster unseen,False,130,7
mp-29799,KBiO3,0.0,0.4914,True,Pn-3,0.1659191846847534,800,-83.02685546875,-83.02685546875,12999.891790975338,2.0213804418784105,False,0,False,True,True,True,True,False,no evidence found,,on the hull,cluster unseen,False,177,8
mp-1189927,EuZrS3,0.0,0.1452999999999997,True,Pnma,0.1637562215328216,800,-136.4709014892578,-136.4709014892578,24262.276040345463,1.246089086387087,False,0,False,True,True,True,True,False,no evidence found,,on the hull,cluster unseen,False,178,9
mp-1278986,MnBO3,0.0323374645520715,0.5985999999999998,False,P-1,0.1404833197593689,800,-54.56645965576172,-54.56645965576172,9455.55450048944,2.3058017638715933,False,0,False,True,True,True,True,False,no evidence found,,metastable,cluster unseen,False,193,10
mp-1289597,MnBO3,0.0203677105520725,0.1516999999999999,False,C2/c,0.1404833197593689,800,-54.56645965576172,-54.56645965576172,9455.55450048944,2.3058017638715933,False,0,False,True,True,True,True,False,no evidence found,,metastable,cluster unseen,False,194,11
mp-753781,EuHfO3,0.0,0.5973000000000006,True,Pm-3m,0.120331585407257,800,-130.7372589111328,-130.7372589111328,50956.83080166519,1.229337348165697,False,0,False,True,True,True,True,False,no evidence found,,on the hull,cluster unseen,False,218,12
mp-22608,CaVO3,0.0011566264107081,0.4338999999999999,False,Pnma,0.1078859865665435,800,-82.3125991821289,-82.3125991821289,80537.6881352479,3.105204422893491,False,0,False,True,True,True,True,False,no evidence found,,metastable,cluster unseen,False,229,13
mp-1435359,CaVO3,0.0088146909107074,0.2606000000000001,False,P2_1/c,0.1078859865665435,800,-82.3125991821289,-82.3125991821289,80537.6881352479,3.105204422893491,False,0,False,True,True,True,True,False,no evidence found,,metastable,cluster unseen,False,230,14
mp-2767717,LuVO3,0.0,0.2610999999999999,True,P2_1/c,0.0846787989139556,800,27.42778205871582,27.42778205871582,22478.01612579603,1.2265939876667926,False,0,True,True,True,True,True,False,no evidence found,,on the hull,cluster unseen,False,261,15
mp-1106293,EuZrO3,0.0,0.5096999999999996,True,Pnma,0.0715965330600738,800,-168.6410675048828,-168.6410675048828,46251.296871406725,0.8954261948632177,False,0,False,True,True,True,True,False,no evidence found,,on the hull,cluster unseen,False,288,16
mp-1189736,ErNiO3,0.0015767070000007,0.3726000000000002,False,P2_1/c,0.0661167502403259,800,-15.123733520507812,15.123733520507812,14085.018863054427,1.1170458454493069,True,5,False,True,True,True,True,False,no evidence found,,metastable,cluster unseen,False,295,17
mp-25096,NiBiO3,0.0322425907500036,0.3548,False,P2_1/m,0.0639653205871582,800,7.128902435302734,-7.128902435302734,11946.132551227116,1.951331683194553,True,5,True,True,True,True,True,False,no evidence found,,metastable,cluster unseen,False,304,18
mp-1106224,MnVO3,0.0417526665000043,0.3157000000000005,False,Pnma,0.0616478621959686,800,-60.47523498535156,-60.47523498535156,6904.37192509282,3.63105938586632,False,0,False,True,True,True,True,False,no evidence found,,metastable,cluster unseen,False,310,19
mp-19063,ErCrO3,0.0,0.2483000000000004,True,Pnma,0.0600818693637847,800,88.30243682861328,88.30243682861328,11317.692268706498,2.0968516943756312,False,0,True,True,True,True,True,False,no evidence found,,on the hull,cluster unseen,False,314,20
mp-691106,MnSnO3,0.0223195970000018,0.2294,False,R3c,0.0431120097637176,800,-67.09519958496094,-67.09519958496094,10159.55150840239,3.189132115541105,False,0,False,True,True,True,True,False,no evidence found,,metastable,cluster unseen,False,349,21
mp-614013,CsSnI3,0.0,0.4499999999999997,True,Pm-3m,0.5773439407348633,800,144.09661865234375,144.09661865234375,9233.824107107876,0.6232032700639945,False,0,True,True,True,True,True,True,yes,10.1016/j.orgel.2019.105488,on the hull,cluster seen in training,True,2,1
mp-616378,CsSnI3,0.0118439939999976,0.5435000000000003,False,P4/mbm,0.5773439407348633,800,144.09661865234375,144.09661865234375,9233.824107107876,0.6232032700639945,False,0,True,True,True,True,True,True,yes,10.1016/j.orgel.2019.105488,metastable,cluster seen in training,False,3,2
mp-3163,BaSnO3,0.0,0.3730000000000002,True,Pm-3m,0.103229820728302,800,-74.40353393554688,-74.40353393554688,30262.6820756769,6.701993964078981,False,0,False,True,True,True,True,True,yes,10.1016/j.mseb.2009.10.002,on the hull,cluster seen in training,True,15,3
mp-19201,CaMnO3,0.0350749438333366,0.4685999999999999,False,Pnma,0.0786462724208831,800,-289.148681640625,-289.148681640625,2816.29354259134,3.76592147099969,False,0,False,True,True,True,True,True,yes,10.1109/ict.2006.331291,metastable,cluster seen in training,False,21,4
mp-1273178,YCoO3,0.0116558665892867,0.3085,False,P-1,0.0498634278774261,800,208.14431762695312,208.14431762695312,10802.07833307052,2.9934663808541235,False,0,True,True,True,True,True,True,yes,10.1088/1674-1056/24/4/047202,metastable,cluster seen in training,False,34,5
mp-1288734,YCoO3,0.0154647095892865,0.1141,False,P2_1/c,0.0498634278774261,800,208.14431762695312,208.14431762695312,10802.07833307052,2.9934663808541235,False,0,True,True,True,True,True,True,yes,10.1088/1674-1056/24/4/047202,metastable,cluster seen in training,False,35,6
mp-5163,LaRhO3,0.0,0.5951000000000004,True,Pnma,0.0464451909065246,800,421.4407958984375,421.4407958984375,3491.895445942402,1.8089790998071773,False,0,True,True,True,True,True,True,yes,10.1007/s11664-009-0666-x,on the hull,cluster seen in training,True,37,7
mp-1284950,LaNiO3,0.020568577999998,0.3559999999999998,False,P-1,0.0447935163974761,800,-11.69036102294922,-11.69036102294922,27301.156444562937,2.861861149565957,False,0,False,True,True,True,True,True,yes,10.1007/s13391-013-0034-0,metastable,cluster seen in training,False,38,8
mp-1288145,LaCoO3,0.0,0.2793000000000001,True,R-3,0.0388060510158538,800,35.42579650878906,35.42579650878906,38471.72272319499,2.578244231030096,False,0,True,True,True,True,True,True,yes,10.1080/14786435.2016.1263404,on the hull,cluster seen in training,True,44,9
