formula,query,doi,year,first_author,journal,title,formula_in_title,te_in_title,formula_in_abstract,te_in_abstract
BaHfS3,BaHfS3 thermoelectric,10.1016/j.cocom.2025.e01202,2026.0,El Hidaoui,Computational Condensed Matter,"Evaluation of chalcogenide perovskites BaHfS3 for charge transport in energy conversion applications: Solar cells, photocatalytic water splitting and thermoelectric",True,True,False,False
BaSnO3,BaSnO3 thermoelectric,10.1016/j.mseb.2009.10.002,2010.0,Yasukawa,Materials Science and Engineering: B,High-temperature thermoelectric properties of La-doped BaSnO3 ceramics,True,True,False,False
BaSnO3,BaSnO3 thermoelectric,10.1088/1742-6596/869/1/012017,2017.0,Srour,Journal of Physics: Conference Series,Thermoelectric power of (Cu0.5Tl0.5)-1223 superconducting phase added with BaSnO3 nanoparticles,True,True,False,False
BaSnO3,BaSnO3 thermoelectric,10.1016/j.physb.2020.412387,2020.0,Rajasekaran,Physica B: Condensed Matter,"Effect of Sb substitution on structural, morphological and electrical properties of BaSnO3 for thermoelectric application",True,True,False,False
CaMnO3,CaMnO3 thermoelectric,10.1038/s41598-023-28080-7,2023.0,Maneesai,Scientific Reports,Fabrication and thermoelectric conversion of thermoelectric concrete brick with buried unileg N-type CaMnO3 thermoelectric module inside,True,True,True,True
CaMnO3,CaMnO3 thermoelectric,10.3390/ma11101807,2018.0,Li,Materials,Effects of Pr and Yb Dual Doping on the Thermoelectric Properties of CaMnO3,True,True,True,True
CaMnO3,CaMnO3 thermoelectric,10.3384/lic.diva-150618,2018.0,,,Growth and thermoelectric properties of CaMnO3-based thin films,True,True,False,False
CaMnO3,CaMnO3 thermoelectric,10.1016/j.energy.2013.07.025,2013.0,Park,Energy,Fabrication and thermoelectric power of π-shaped Ca3Co4O9/CaMnO3 modules for renewable energy conversion,True,True,False,False
CaMnO3,CaMnO3 thermoelectric,10.1016/j.powtec.2014.05.022,2014.0,Mouyane,Powder Technology,Flash combustion synthesis of electron doped-CaMnO3 thermoelectric oxides,True,True,False,False
CaMnO3,CaMnO3 thermoelectric,10.2139/ssrn.4896892,2024.0,Amirkhizi,,Enhanced Power Factor in Camno3-Based Thermoelectric Ceramics Via Co-Doping,True,True,False,False
CaMnO3,CaMnO3 thermoelectric,10.1063/1.3505756,2010.0,Okuda,Journal of Applied Physics,"Cosubstitution effect on the magnetic, transport, and thermoelectric properties of the electron-doped perovskite manganite CaMnO3",True,True,False,True
CaMnO3,CaMnO3 thermoelectric,10.1016/j.jssc.2022.123437,2022.0,Löhnert,Journal of Solid State Chemistry,Enhancing the thermoelectric properties of CaMnO3-δ via optimal substituent selection,True,True,False,False
CaMnO3,CaMnO3 thermoelectric,10.1109/ict.2006.331291,2006.0,Flahaut,2006 25th International Conference on Thermoelectrics,Effect of the Yb substitutions on the thermoelectric properties of CaMnO3,True,True,False,False
CaMnO3,CaMnO3 thermoelectric,10.1016/j.egypro.2014.11.1024,2014.0,Seetawan,Energy Procedia,Thermoelectric Energy Conversion of p–Ca3Co4O9/n–CaMnO3 Module,True,True,False,False
CsGeBr3,CsGeBr3 thermoelectric,10.1007/s42247-023-00553-5,2023.0,Srinivas,Emergent Materials,"Comprehensive study of CsGeBr3 perovskite: optical, electronic, and thermoelectric properties",True,True,False,False
CsSnBr3,CsSnBr3 thermoelectric,10.1016/j.cplett.2020.137637,2020.0,Zhang,Chemical Physics Letters,Thermoelectric properties of all-inorganic perovskite CsSnBr3: A combined experimental and theoretical study,True,True,False,False
CsSnBr3,CsSnBr3 thermoelectric,10.2139/ssrn.4559099,2023.0,Hasab-Elkhalig,,"Tuning of Band-Gap and Enhancing Optical, Electronic, Thermal, Thermoelectric, and Mechanical Properties of Cesium-Tin Bromide Perovskite Cssnbr3 Under High Hydrostatic Pressure for Improved Their Possible Optoelectronic Applications",True,True,False,False
CsSnI3,CsSnI3 thermoelectric,10.1016/j.commatsci.2021.110917,2022.0,Wudil,Computational Materials Science,Hydrostatic pressure-tuning of thermoelectric properties of CsSnI3 perovskite by first-principles calculations,True,True,False,False
CsSnI3,CsSnI3 thermoelectric,10.1016/j.matlet.2021.131127,2022.0,Yu,Materials Letters,Enhanced thermoelectric performance in inorganic CsSnI3 perovskite by doping with PbI2,True,True,False,False
CsSnI3,CsSnI3 thermoelectric,10.1016/j.orgel.2019.105488,2020.0,Baranwal,Organic Electronics,Interface engineering using Y2O3 scaffold to enhance the thermoelectric performance of CsSnI3 thin film,True,True,False,False
CsSnI3,CsSnI3 thermoelectric,10.2139/ssrn.5047816,2024.0,Miyazaki,,The Effective Thermal Conductivity of a Screen-Printed Thermoelectric Film of Bi2te3 and Cssni3,True,True,False,False
LaCoO3,LaCoO3 thermoelectric,10.1063/1.4980675,2017.0,Taran,AIP Conference Proceedings,Grain-size controlled thermoelectric efficiency in LaCoO3 and La0.9Sr0.1CoO3 system,True,True,False,False
LaCoO3,LaCoO3 thermoelectric,10.1016/j.proeng.2011.03.026,2011.0,Khamma,Procedia Engineering,Synthesis on the Nanoparticle of LaCoO3 Thermoelectric Material,True,True,False,False
LaCoO3,LaCoO3 thermoelectric,10.1063/1.4872934,2014.0,Choudhary,AIP Conference Proceedings,Interpretation of thermoelectric properties of Cu substituted LaCoO3 ceramics,True,True,False,False
LaCoO3,LaCoO3 thermoelectric,10.1016/j.ceramint.2010.08.024,2011.0,Li,Ceramics International,Effect of Ni substitution on electrical and thermoelectric properties of LaCoO3 ceramics,True,True,False,False
LaCoO3,LaCoO3 thermoelectric,10.1016/j.matchemphys.2021.124750,2021.0,Kumar,Materials Chemistry and Physics,Improved thermoelectric properties in (1-x)LaCoO3/(x)La0.7Sr0.3CoO3 composite,True,True,False,False
LaCoO3,LaCoO3 thermoelectric,10.1063/5.0061177,2021.0,Mishra,AIP Conference Proceedings,Optimization of thermoelectric properties in LaCoO3 by Ni substitution,True,True,False,False
LaCoO3,LaCoO3 thermoelectric,10.1016/j.ceramint.2014.04.123,2014.0,Jiamprasertboon,Ceramics International,Thermoelectric properties of Sr and Mg double-substituted LaCoO3 at room temperature,True,True,False,False
LaCoO3,LaCoO3 thermoelectric,10.1016/j.jallcom.2018.03.347,2018.0,Kumar,Journal of Alloys and Compounds,Thermoelectric properties of (1-x)LaCoO3.xLa0.7Sr0.3MnO3 composite,True,True,False,False
LaCoO3,LaCoO3 thermoelectric,10.1007/s10854-023-11339-0,2023.0,U,Journal of Materials Science: Materials in Electronics,Incorporation of copper in LaCoO3: modulating thermoelectric power factor for low- and mid-temperature thermoelectric applications,True,True,True,True
LaCoO3,LaCoO3 thermoelectric,10.1016/j.ceramint.2021.09.018,2021.0,Mohamed Jibri,Ceramics International,Suppression of thermal conductivity in LaCoO3 ceramic by lattice disorder and mass fluctuation scattering for thermoelectric application,True,True,False,False
LaNiO3,LaNiO3 thermoelectric,10.1007/s13391-013-0034-0,2013.0,Tak,Electronic Materials Letters,Thermoelectric properties of a doped LaNiO3 perovskite system prepared using a spark-plasma sintering process,True,True,False,False
LaNiO3,LaNiO3 thermopower power factor figure of merit first-principles,10.1021/acs.nanolett.1c03143.s001,,,,Large phonon drag thermopower boosted by massive electrons and phonon leaking in LaAlO3/LaNiO3/LaAlO3 heterostructure,True,True,False,False
LaRhO3,LaRhO3 thermoelectric,10.1007/s11664-009-0666-x,2009.0,Shibasaki,Journal of Electronic Materials,Thermoelectric Properties of B-Site Substituted LaRhO3,True,True,False,False
NdCoO3,NdCoO3 thermoelectric,10.1016/j.ceramint.2020.04.113,2020.0,Dudnikov,Ceramics International,Thermoelectric properties of the SmCoO3 and NdCoO3 cobalt oxides,True,True,False,False
NdCoO3,NdCoO3 thermoelectric,10.1088/1402-4896/ad6bf9,2024.0,Pandey,Physica Scripta,Exploring the effect of strong electronic correlations in Seebeck Coefficient of the NdCoO3 compound : Using experimental and DFT+U approach,True,True,True,True
RbGeI3,RbGeI3 thermoelectric,10.1016/j.mtcomm.2021.102650,2021.0,Deepthi Jayan,Materials Today Communications,"Ab initio DFT determination of structural, mechanical, optoelectronic, thermoelectric and thermodynamic properties of RbGeI3 inorganic perovskite for different exchange-correlation functionals",True,True,False,False
RbGeI3,RbGeI3 thermoelectric,10.1016/j.physb.2026.419209,2026.0,Zidane,Physica B: Condensed Matter,Effects of structural distortion on the photovoltaic and thermoelectric properties of RbGeI3: A comparative first-principles study of cubic and D-cubic phases,True,True,False,False
RbSnBr3,RbSnBr3 thermoelectric,10.1016/j.cocom.2022.e00761,2022.0,Bouchikhi,Computational Condensed Matter,First principles calculations of the inorganic halide perovskite RbSnBr3: Optical and thermoelectric properties of its three phases,True,True,False,False
