target,fold,alpha_position_2000,alpha_position_20000,abs_delta_log10_alpha,at_grid_minimum_under_both,warnings_2000,warnings_20000,inner_nonconverged_by_gap_2000,inner_nonconverged_by_gap_20000,final_refit_converged_2000,final_refit_converged_20000,warnings_equal_inner_plus_refit_2000,warnings_equal_inner_plus_refit_20000,jaccard_selected,n_after_lasso_2000,n_after_lasso_20000,n_selected_2000,n_selected_20000,outer_r2_2000,outer_r2_20000,delta_r2_20000_minus_2000
S,0,18,18,0.0,False,15,0,14,0,False,True,True,True,0.9230769230769231,195,190,25,25,0.7548146005454582,0.7463123448959437,-0.008502255649514567
S,1,19,19,0.0,True,19,0,18,0,False,True,True,True,0.7857142857142857,214,202,25,25,0.7185055098928943,0.7177947431216865,-0.0007107667712078491
S,2,16,19,0.47368421052631593,False,17,0,16,0,False,True,True,True,0.5625,180,206,25,25,0.7002771194400266,0.7026965198162265,0.0024194003761999205
S,3,14,14,0.0,False,14,0,13,0,False,True,True,True,1.0,139,138,25,25,0.7135043611973496,0.719710636299865,0.006206275102515368
S,4,18,18,0.0,False,18,0,17,0,False,True,True,True,0.9230769230769231,194,191,25,25,0.6644181428877554,0.6622568328229066,-0.002161310064848765
sigma,0,17,17,0.0,False,16,0,15,0,False,True,True,True,0.9555555555555556,157,157,44,44,0.6529386100610349,0.6496395122033709,-0.003299097857664024
sigma,1,17,17,0.0,False,15,0,14,0,False,True,True,True,0.8723404255319149,157,155,44,44,0.7118474370992726,0.7093127520335198,-0.0025346850657527176
sigma,2,18,18,0.0,False,15,0,14,0,False,True,True,True,0.9555555555555556,168,166,44,44,0.6542143863831698,0.655944881428068,0.0017304950448981948
sigma,3,16,16,0.0,False,12,0,11,0,False,True,True,True,0.9555555555555556,146,143,44,44,0.6539776443752279,0.6544840649607956,0.0005064205855677129
sigma,4,16,16,0.0,False,13,0,12,0,False,True,True,True,0.9555555555555556,139,139,44,44,0.6259935083033068,0.6260270029448531,3.3494641546338855e-05
kappa,0,19,19,0.0,True,13,0,12,0,False,True,True,True,0.9024390243902439,188,188,39,39,0.7700917812433064,0.7742604260517303,0.004168644808423938
kappa,1,19,19,0.0,True,11,0,10,0,False,True,True,True,0.95,190,185,39,39,0.7568093835465746,0.7589359947902872,0.002126611243712606
kappa,2,19,19,0.0,True,13,0,12,0,False,True,True,True,0.8571428571428571,183,181,39,39,0.7396220331216512,0.7459398876659116,0.006317854544260371
kappa,3,18,18,0.0,False,12,0,11,0,False,True,True,True,0.95,177,176,39,39,0.7976877495334341,0.8011296872007708,0.003441937667336692
kappa,4,19,19,0.0,True,12,0,11,0,False,True,True,True,0.9024390243902439,188,184,39,39,0.741033017889474,0.7362519878799627,-0.004781030009511245
zT,0,16,16,0.0,False,7,0,7,0,True,True,True,True,1.0,147,147,32,32,0.4981408259783928,0.4981408259783928,0.0
zT,1,18,18,0.0,False,11,0,10,0,False,True,True,True,0.9393939393939394,171,170,32,32,0.40258241302480646,0.40382430269245073,0.0012418896676442692
zT,2,19,19,0.0,True,8,0,7,0,False,True,True,True,0.8285714285714286,176,173,32,32,0.4397584270290562,0.43404432989010633,-0.005714097138949881
zT,3,18,18,0.0,False,8,0,7,0,False,True,True,True,0.8823529411764706,171,169,32,32,0.37049975843028826,0.37728505253599853,0.006785294105710271
zT,4,17,17,0.0,False,9,0,8,0,False,True,True,True,0.9393939393939394,157,155,32,32,0.5001294687059754,0.5061269127413136,0.005997444035338195
