material_id,formula,ehull,gap,is_stable,spg_symbol,in_main,in_E_hull_0.10,in_gap_cap_0.9,in_E_hull_0.10_cap_0.9,in_all_perovskite_type,cluster_seen_any,cluster_seen_S,cluster_seen_sigma,cluster_seen_kappa,cluster_seen_zT,composition_seen_any
mp-552185,AgNO3,0.0,1.8635,True,R3c,False,False,False,False,True,False,False,False,False,False,False
mp-3187,BaCeO3,0.0,2.4469,True,Pnma,False,False,False,False,True,True,False,False,True,False,True
mp-1105549,BaHfS3,0.0,1.2523999999999995,True,Pnma,False,False,False,False,True,False,False,False,False,False,False
mp-23818,BaLiH3,0.0,2.2146,True,Pm-3m,False,False,False,False,True,False,False,False,False,False,False
mp-3163,BaSnO3,0.0,0.3730000000000002,True,Pm-3m,True,True,True,True,True,True,True,True,True,True,True
mp-5777,BaTiO3,0.0,2.2934,True,Amm2,False,False,False,False,True,True,True,False,False,False,False
mp-540771,BaZrS3,0.0,0.9900000000000002,True,Pnma,False,False,False,False,True,False,False,False,False,False,False
mp-755893,CaBiO3,0.0,0.6655289785034206,True,P2_1/c,False,False,True,True,True,False,False,False,False,False,False
mp-607467,CaMoO3,0.0,1.1050000000000004,True,P2_1/c,False,False,False,False,True,False,False,False,False,False,False
mp-4438,CaSnO3,0.0,2.3327,True,Pnma,False,False,False,False,True,False,False,False,False,False,False
mp-4019,CaTiO3,0.0,2.3053,True,Pnma,False,False,False,False,True,False,False,False,False,False,False
mp-4385,CdCO3,0.0,2.6293,True,R-3c,False,False,False,False,True,False,False,False,False,False,False
mp-638685,CsEuBr3,0.0,1.0355000000000003,True,Pnma,False,False,False,False,True,False,False,False,False,False,False
mp-1068340,CsGeBr3,0.0,1.1965,True,R3m,False,False,False,False,True,False,False,False,False,False,False
mp-561947,CsHgF3,0.0,0.7167,True,Pm-3m,False,False,False,False,True,False,False,False,False,False,False
mp-1112338,CsInBr3,0.0,1.3782043565395825,True,Fm-3m,False,False,False,False,True,False,False,False,False,False,False
mp-1112961,CsInCl3,0.0,1.7757115012201825,True,Fm-3m,False,False,False,False,True,False,False,False,False,False,False
mp-1247749,CsSnBr3,0.0,1.0107,True,Pnma,False,False,False,False,True,False,False,False,False,False,False
mp-614013,CsSnI3,0.0,0.4499999999999997,True,Pm-3m,True,True,True,True,True,True,True,True,True,True,True
mp-1078203,CsTlF3,0.0,2.1858244764135537,True,Fm-3m,False,False,False,False,True,False,False,False,False,False,False
mp-2763763,CuAgF3,0.0,1.2735,True,P2_1/c,False,False,False,False,True,False,False,False,False,False,False
mp-19381,DyCrO3,0.0,2.5405999999999995,True,Pnma,False,False,False,False,True,False,False,False,False,False,False
mp-1212884,DyRhO3,0.0,0.8884318524889769,True,Pnma,False,False,True,True,True,False,False,False,False,False,False
mp-1184176,DyScS3,0.0,1.7736999999999994,True,Pnma,False,False,False,False,True,False,False,False,False,False,False
mp-22789,DyVO3,0.0,1.6567999999999996,True,Pnma,False,False,False,False,True,False,False,False,False,False,False
mp-562779,ErCoO3,0.0,1.4471000000000005,True,Pnma,False,False,False,False,True,False,False,False,False,False,False
mp-19063,ErCrO3,0.0,0.2483000000000004,True,Pnma,True,True,True,True,True,False,False,False,False,False,False
mp-1213022,ErRhO3,0.0,0.9643714818411082,True,Pnma,False,False,False,False,True,False,False,False,False,False,False
mp-19205,ErVO3,0.0,1.5838,True,Pnma,False,False,False,False,True,False,False,False,False,False,False
mp-753781,EuHfO3,0.0,0.5973000000000006,True,Pm-3m,True,True,True,True,True,False,False,False,False,False,False
mp-1190059,EuHfS3,0.0,0.1287000000000002,True,Pnma,True,True,True,True,True,False,False,False,False,False,False
mp-1106293,EuZrO3,0.0,0.5096999999999996,True,Pnma,True,True,True,True,True,False,False,False,False,False,False
mp-1189927,EuZrS3,0.0,0.1452999999999997,True,Pnma,True,True,True,True,True,False,False,False,False,False,False
mp-19097,FeBO3,0.0,1.4815999999999998,True,R-3c,False,False,False,False,True,False,False,False,False,False,False
mp-18331,GdCrO3,0.0,2.6309,True,Pnma,False,False,False,False,True,False,False,False,False,False,False
mp-510490,GdScS3,0.0,1.1773999999999996,True,Pnma,False,False,False,False,True,False,False,False,False,False,False
mp-541177,GdVO3,0.0,1.4525999999999994,True,Pnma,False,False,False,False,True,False,False,False,False,False,False
mp-20570,HoCoO3,0.0,1.1622,True,Pnma,False,False,False,False,True,True,True,False,False,False,True
mp-756834,HoCrO3,0.0,2.3515999999999995,True,Pnma,False,False,False,False,True,False,False,False,False,False,False
mp-1212108,HoRhO3,0.0,0.9606739563708188,True,Pnma,False,False,False,False,True,False,False,False,False,False,False
mp-7027,InBO3,0.0,2.6556,True,R-3c,False,False,False,False,True,False,False,False,False,False,False
mp-29799,KBiO3,0.0,0.4914,True,Pn-3,True,True,True,True,True,False,False,False,False,False,False
mp-556365,KCrF3,0.0,1.4898000000000002,True,C2/m,False,False,False,False,True,False,False,False,False,False,False
mp-7483,KHgF3,0.0,0.6082000000000001,True,Pm-3m,False,False,False,False,True,False,False,False,False,False,False
mp-23737,KMgH3,0.0,2.458,True,Pm-3m,False,False,False,False,True,False,False,False,False,False,False
mp-1205353,KMnF3,0.0,2.4058,True,Imma,False,False,False,False,True,False,False,False,False,False,False
mp-7375,KNbO3,0.0,2.3108,True,R3m,False,False,False,False,True,False,False,False,False,False,False
mp-3614,KTaO3,0.0,2.0976,True,Pm-3m,False,False,False,False,True,False,False,False,False,False,False
mp-557257,KVF3,0.0,2.0758999999999994,True,Pm-3m,False,False,False,False,True,False,False,False,False,False,False
mp-1288145,LaCoO3,0.0,0.2793000000000001,True,R-3,True,True,True,True,True,True,True,True,True,True,True
mp-19281,LaCrO3,0.0,2.3706000000000005,True,Pnma,False,False,False,False,True,False,False,False,False,False,False
mp-1078634,LaFeO3,0.0,1.9509,True,R-3c,False,False,False,False,True,True,True,False,False,False,True
mp-1106374,LaLuS3,0.0,2.2322,True,Pnma,False,False,False,False,True,False,False,False,False,False,False
mp-5163,LaRhO3,0.0,0.5951000000000004,True,Pnma,True,True,True,True,True,True,True,False,False,False,True
mp-1190131,LaScS3,0.0,1.6446000000000005,True,Pnma,False,False,False,False,True,False,False,False,False,False,False
mp-989524,LaWN3,0.0,1.1797000000000004,True,R3c,False,False,False,False,True,False,False,False,False,False,False
mp-28327,LiGaBr3,0.0,2.956,True,P2_1/m,False,False,False,False,True,False,False,False,False,False,False
mp-29345,LiGaI3,0.0,2.2473,True,P2_1/m,False,False,False,False,True,False,False,False,False,False,False
mp-8180,LiNO3,0.0,2.9369,True,R-3c,False,False,False,False,True,False,False,False,False,False,False
mp-755471,LuCrO3,0.0,2.7252,True,Pnma,False,False,False,False,True,False,False,False,False,False,False
mp-1205366,LuRhO3,0.0,1.0887000000000002,True,Pnma,False,False,False,False,True,False,False,False,False,False,False
mp-2767717,LuVO3,0.0,0.2610999999999999,True,P2_1/c,True,True,True,True,True,False,False,False,False,False,False
mp-998762,MnTlF3,0.0,2.6304,True,Pm-3m,False,False,False,False,True,False,False,False,False,False,False
mp-1120755,NaCO3,0.0,0.6623,True,R-3c,False,False,True,True,True,False,False,False,False,False,False
mp-21404,NaCoF3,0.0,2.0659,True,Pnma,False,False,False,False,True,False,False,False,False,False,False
mp-560242,NaMnF3,0.0,2.7474000000000003,True,Pnma,False,False,False,False,True,False,False,False,False,False,False
mp-4531,NaNO3,0.0,2.9451,True,R-3c,False,False,False,False,True,False,False,False,False,False,False
mp-4514,NaNbO3,0.0,2.7818,True,R3c,False,False,False,False,True,False,False,False,False,False,False
mp-3858,NaTaO3,0.0,2.5926,True,Pnma,False,False,False,False,True,False,False,False,False,False,False
mp-1120756,NaVF3,0.0,1.5126999999999995,True,Pnma,False,False,False,False,True,False,False,False,False,False,False
mp-757636,NbTlO3,0.0,0.7458,True,P1,False,False,False,False,True,False,False,False,False,False,False
mp-22599,NdCoO3,0.0,1.2315999999999994,True,Pnma,False,False,False,False,True,True,True,True,False,False,False
mp-19269,NdCrO3,0.0,2.54,True,Pnma,False,False,False,False,True,False,False,False,False,False,False
mp-20407,NdFeO3,0.0,1.7311,True,Pnma,False,False,False,False,True,False,False,False,False,False,False
mp-20852,NdMnO3,0.0,1.898,True,Pnma,False,False,False,False,True,False,False,False,False,False,False
mp-4582,NdRhO3,0.0,0.6487000000000007,True,Pnma,False,False,True,True,True,False,False,False,False,False,False
mp-1105614,NdScS3,0.0,1.8593,True,Pnma,False,False,False,False,True,False,False,False,False,False,False
mp-541129,NdVO3,0.0,1.5603999999999996,True,Pnma,False,False,False,False,True,False,False,False,False,False,False
mp-20090,PrCoO3,0.0,1.1319000000000004,True,Pnma,False,False,False,False,True,True,True,True,True,False,True
mp-1105822,PrCrO3,0.0,2.0419,True,Pnma,False,False,False,False,True,False,False,False,False,False,False
mp-22341,PrFeO3,0.0,1.0793000000000004,True,Pnma,False,False,False,False,True,False,False,False,False,False,False
mp-22564,PrMnO3,0.0,1.402,True,Pnma,False,False,False,False,True,True,True,False,False,False,True
mp-4789,PrRhO3,0.0,0.6036999999999999,True,Pnma,False,False,True,True,True,False,False,False,False,False,False
mp-1189962,PrScS3,0.0,1.8377,True,Pnma,False,False,False,False,True,False,False,False,False,False,False
mp-1209329,PrVO3,0.0,1.3015999999999996,True,Pnma,False,False,False,False,True,False,False,False,False,False,False
mp-7482,RbHgF3,0.0,0.6454,True,Pm-3m,False,False,False,False,True,False,False,False,False,False,False
mp-1114001,RbInCl3,0.0,1.677311796494664,True,Fm-3m,False,False,False,False,True,False,False,False,False,False,False
mp-558749,RbMnF3,0.0,2.9437,True,Pm-3m,False,False,False,False,True,False,False,False,False,False,False
mp-998611,RbSnCl3,0.0,2.326613151723183,True,R3c,False,False,False,False,True,False,False,False,False,False,False
mp-1113914,RbTlF3,0.0,2.0588124041671416,True,Fm-3m,False,False,False,False,True,False,False,False,False,False,False
mp-556424,RbVF3,0.0,2.4507000000000003,True,Pm-3m,False,False,False,False,True,False,False,False,False,False,False
mp-20016,SmCoO3,0.0,1.3174,True,Pnma,False,False,False,False,True,True,True,True,False,False,True
mp-1105788,SmCrO3,0.0,2.4786,True,Pnma,False,False,False,False,True,False,False,False,False,False,False
mp-20243,SmFeO3,0.0,1.545,True,Pnma,False,False,False,False,True,False,False,False,False,False,False
mp-22203,SmMnO3,0.0,1.4644000000000004,True,Pnma,False,False,False,False,True,False,False,False,False,False,False
mp-3317,SmRhO3,0.0,0.7331000000000003,True,Pnma,False,False,True,True,True,False,False,False,False,False,False
mp-1188840,SmScS3,0.0,1.8487000000000005,True,Pnma,False,False,False,False,True,False,False,False,False,False,False
mp-1188225,SmVO3,0.0,1.5136000000000005,True,Pnma,False,False,False,False,True,False,False,False,False,False,False
mp-29164,SrBiO3,0.0,0.3106,True,P2_1/c,True,True,True,True,True,False,False,False,False,False,False
mp-1208643,SrHfS3,0.0,1.4955999999999996,True,Pnma,False,False,False,False,True,False,False,False,False,False,False
mp-1542758,SrMoO3,0.0,1.3088000000000006,True,C2/m,False,False,False,False,True,True,True,False,False,False,True
mp-2879,SrSnO3,0.0,1.7406,True,Pnma,False,False,False,False,True,True,True,False,True,True,False
mp-4651,SrTiO3,0.0,1.8559,True,I4/mcm,False,False,False,False,True,True,True,True,True,True,True
mp-676262,TaTlO3,0.0,0.9695,True,C2/c,False,False,False,False,True,False,False,False,False,False,False
mp-19802,TbCoO3,0.0,1.4160999999999997,True,Pnma,False,False,False,False,True,True,True,True,True,False,True
mp-756124,TbCrO3,0.0,2.5095,True,Pnma,False,False,False,False,True,False,False,False,False,False,False
mp-22055,TbMnO3,0.0,1.4940000000000009,True,Pnma,False,False,False,False,True,True,True,False,True,True,True
mp-5692,TbRhO3,0.0,0.8749000000000002,True,Pnma,False,False,True,True,True,False,False,False,False,False,False
mp-1188262,TbScS3,0.0,1.7696,True,Pnma,False,False,False,False,True,False,False,False,False,False,False
mp-554811,TbVO3,0.0,1.4395999999999995,True,Pnma,False,False,False,False,True,False,False,False,False,False,False
mp-998758,TlHgF3,0.0,2.1963,True,Pbam,False,False,False,False,True,False,False,False,False,False,False
mp-2767078,TlInCl3,0.0,2.5745,True,P-1,False,False,False,False,True,False,False,False,False,False,False
mp-777295,TmCrO3,0.0,2.6809,True,Pnma,False,False,False,False,True,False,False,False,False,False,False
mp-1207705,TmRhO3,0.0,1.3457,True,Pnma,False,False,False,False,True,False,False,False,False,False,False
mp-18946,VBO3,0.0,1.8527,True,R-3c,False,False,False,False,True,False,False,False,False,False,False
mp-18725,YCrO3,0.0,2.3271,True,Pnma,False,False,False,False,True,False,False,False,False,False,False
mp-1207629,YRhO3,0.0,1.1799999999999995,True,Pnma,False,False,False,False,True,False,False,False,False,False,False
mp-5020,BaTiO3,4.098999999868624e-05,2.5527,False,R3m,False,False,False,False,True,True,True,False,False,False,False
mp-2759521,KMnF3,4.164199999934226e-05,2.1486,False,P2_1/m,False,False,False,False,True,False,False,False,False,False,False
mp-19853,TbFeO3,6.255587500092474e-05,1.6263,False,Pnma,False,False,False,False,True,False,False,False,False,False,False
mp-551830,SrTiO3,8.474800000080052e-05,1.7869999999999997,False,I4/mcm,False,False,False,False,True,True,True,True,True,True,True
mp-555359,KMnF3,0.0002445739999998,2.1006,False,I4/mcm,False,False,False,False,True,False,False,False,False,False,False
mp-5246,KNbO3,0.0003534000000016,2.0587,False,Amm2,False,False,False,False,True,False,False,False,False,False,False
mp-1112176,CsTlCl3,0.0003620809999995,1.2584148670507165,False,Fm-3m,False,False,False,False,True,False,False,False,False,False,False
mp-505066,NaFeF3,0.0004148375000001,1.8013,False,Pnma,False,False,False,False,True,False,False,False,False,False,False
mp-5229,SrTiO3,0.0004700539999991,1.7658999999999998,False,Pm-3m,False,False,False,False,True,True,True,True,True,True,True
mp-3316,BaCeO3,0.0006426110000017,2.4637,False,Imma,False,False,False,False,True,True,False,False,True,False,True
mp-1178513,BaSnO3,0.0006460229999962,0.6650999999999998,False,Imma,False,False,True,True,True,True,True,True,True,True,True
mp-560382,KMnF3,0.000924576,2.6774,False,P4/mbm,False,False,False,False,True,False,False,False,False,False,False
mp-22608,CaVO3,0.0011566264107081,0.4338999999999999,False,Pnma,True,True,True,True,True,False,False,False,False,False,False
mp-4342,KNbO3,0.0011901640000004,1.4744,False,P4mm,False,False,False,False,True,False,False,False,False,False,False
mp-1101462,NbTlO3,0.0013711412499954,0.946658554294193,False,Cc,False,False,False,False,True,False,False,False,False,False,False
mp-1189736,ErNiO3,0.0015767070000007,0.3726000000000002,False,P2_1/c,True,True,True,True,True,False,False,False,False,False,False
mp-1180746,KMnF3,0.0016044339999989,1.7405,False,I4/mcm,False,False,False,False,True,False,False,False,False,False,False
mp-23501,FeBiO3,0.0016325030000015,1.2984,False,R3c,False,False,False,False,True,True,True,False,True,True,True
mp-555123,KMnF3,0.0017114100000004,2.6628000000000003,False,Pm-3m,False,False,False,False,True,False,False,False,False,False,False
mp-3671,NaNbO3,0.001741106999999,2.3565000000000005,False,Pbcm,False,False,False,False,True,False,False,False,False,False,False
mp-7792,YScS3,0.0018075120000027,1.7758000000000005,False,Pnma,False,False,False,False,True,False,False,False,False,False,False
mp-558920,NaNbO3,0.0018151994999993,2.4098,False,Pca2_1,False,False,False,False,True,False,False,False,False,False,False
mp-5986,BaTiO3,0.0019565740000011,1.7236999999999996,False,P4mm,False,False,False,False,True,True,True,False,False,False,False
mp-1180782,KCrF3,0.0020262390000009,0.1573999999999999,False,Ibam,True,True,True,True,True,False,False,False,False,False,False
mp-644332,KMnF3,0.0020342784999982,2.6922,False,P2_1/m,False,False,False,False,True,False,False,False,False,False,False
mp-1180767,KCrF3,0.0021807369999997,1.5720000000000005,False,I4/mcm,False,False,False,False,True,False,False,False,False,False,False
mp-4681,NaNbO3,0.0024077749999982,2.3684000000000003,False,Pmc2_1,False,False,False,False,True,False,False,False,False,False,False
mp-4900,BaCeO3,0.0025211640000009,2.4505,False,R-3c,False,False,False,False,True,True,False,False,True,False,True
mp-568544,CsCdCl3,0.0026339560000003,1.7417,False,Pm-3m,False,False,False,False,True,False,False,False,False,False,False
mp-1188528,NaNbO3,0.0028805844999979,2.853,False,Pna2_1,False,False,False,False,True,False,False,False,False,False,False
mp-19051,LaCoO3,0.0033163850000006,1.0014000000000003,False,R-3c,False,False,False,False,True,True,True,True,True,True,True
mp-4699,NaTaO3,0.0033295580000007,2.3891,False,Cmcm,False,False,False,False,True,False,False,False,False,False,False
mp-560547,KCrF3,0.0036048639999997,1.968,False,I4/m,False,False,False,False,True,False,False,False,False,False,False
mp-1190015,NaNbO3,0.0036448904999986,2.2326,False,Pmn2_1,False,False,False,False,True,False,False,False,False,False,False
mp-12866,SrSnO3,0.0036590239999982,1.6169000000000002,False,Imma,False,False,False,False,True,True,True,False,True,True,False
mp-756933,TaTlO3,0.004274724750001,0.4457999999999997,False,Fd-3m,False,False,False,False,True,False,False,False,False,False,False
mp-505085,NaCuF3,0.0043112520000008,0.6678000000000001,False,P2_1/c,False,False,True,True,True,False,False,False,False,False,False
mp-755583,LuVO3,0.0057737502499968,1.5724999999999998,False,Pnma,False,False,False,False,True,False,False,False,False,False,False
mp-22283,DyFeO3,0.006325670999999,0.9134000000000002,False,Pnma,False,False,False,False,True,False,False,False,False,False,False
mp-5193,SrZrS3,0.0064128314999978,1.1777000000000002,False,Pnma,False,False,False,False,True,False,False,False,False,False,False
mp-11623,LaInO3,0.0067064522499986,2.7459,False,Pnma,False,False,False,False,True,False,False,False,False,False,False
mp-12867,SrSnO3,0.0067069569999995,1.5614,False,I4/mcm,False,False,False,False,True,True,True,False,True,True,False
mp-998713,TlInCl3,0.0070095394999989,1.5597,False,P1,False,False,False,False,True,False,False,False,False,False,False
mp-1546519,CsHgCl3,0.0071816991111135,1.0764,False,Cmce,False,False,False,False,True,False,False,False,False,False,False
mp-5168,AlSiP3,0.0072239124999988,0.2885999999999997,False,Pnma,True,True,True,True,True,False,False,False,False,False,False
mp-2755772,HoScS3,0.0073478716666688,2.1681,False,Pnma,False,False,False,False,True,False,False,False,False,False,False
mp-1216392,VCrO3,0.0075114801250038,1.6132999999999995,False,R3c,False,False,False,False,True,False,False,False,False,False,False
mp-935811,KNbO3,0.0077302279999997,1.4215999999999998,False,Pm-3m,False,False,False,False,True,False,False,False,False,False,False
mp-676694,LiNbO3,0.0080152856666693,2.9835000000000003,False,P1,False,False,False,False,True,False,False,False,False,False,False
mp-22428,SrCeO3,0.0085144779999968,2.5055000000000005,False,Pnma,False,False,False,False,True,False,False,False,False,False,False
mp-1435359,CaVO3,0.0088146909107074,0.2606000000000001,False,P2_1/c,True,True,True,True,True,False,False,False,False,False,False
mp-1110662,RbInF3,0.0091613249603108,2.4848,False,Fm-3m,False,False,False,False,True,False,False,False,False,False,False
mp-22137,DyCoO3,0.0093079522142867,1.1903999999999997,False,Pnma,False,False,False,False,True,True,True,True,True,False,True
mp-4675,NaTaO3,0.0093388935000007,2.2808,False,P4/mbm,False,False,False,False,True,False,False,False,False,False,False
mp-1045305,CaMoO3,0.0096948095000026,1.0948000000000002,False,P-1,False,False,False,False,True,False,False,False,False,False,False
mp-674361,LiNbO3,0.010056417400003,2.9621,False,P1,False,False,False,False,True,False,False,False,False,False,False
mp-1206325,RbCrF3,0.0103533537499957,0.9717000000000002,False,P4/mmm,False,False,False,False,True,False,False,False,False,False,False
mp-756282,VBiO3,0.010364148125002,1.2434000000000005,False,Pnma,False,False,False,False,True,False,False,False,False,False,False
mp-1068377,CsEuCl3,0.0105377620000037,0.8369,False,Pm-3m,False,False,True,True,True,False,False,False,False,False,False
mp-568570,CsSnI3,0.0110591610000034,0.6097000000000001,False,Pnma,False,False,True,True,True,True,True,True,True,True,True
mp-1220986,NaNO3,0.0110834510000001,2.8579,False,R32,False,False,False,False,True,False,False,False,False,False,False
mp-27214,CsSnBr3,0.0111951395000025,0.5984,False,Pm-3m,True,True,True,True,True,False,False,False,False,False,False
mp-559851,CrBiO3,0.0112026899999992,1.7904999999999998,False,Pnma,False,False,False,False,True,False,False,False,False,False,False
mp-556003,CaTiO3,0.0114118105000002,2.1586,False,Imma,False,False,False,False,True,False,False,False,False,False,False
mp-1205364,CaTiO3,0.0114495924999999,2.1378,False,Cmcm,False,False,False,False,True,False,False,False,False,False,False
mp-645159,FeBiO3,0.0116057660000015,1.5419999999999998,False,Pnma,False,False,False,False,True,True,True,False,True,True,True
mp-1273178,YCoO3,0.0116558665892867,0.3085,False,P-1,True,True,True,True,True,True,True,True,True,True,True
mp-20783,YFeO3,0.0118179143749994,1.5888,False,Pnma,False,False,False,False,True,False,False,False,False,False,False
mp-616378,CsSnI3,0.0118439939999976,0.5435000000000003,False,P4/mbm,True,True,True,True,True,True,True,True,True,True,True
mp-1112177,CsTlBr3,0.0122417697499979,0.9985047740444736,False,Fm-3m,False,False,False,False,True,False,False,False,False,False,False
mp-19785,HoFeO3,0.0122662793749999,1.5034,False,Pnma,False,False,False,False,True,False,False,False,False,False,False
mp-2763526,ErScS3,0.0125358623333333,2.152,False,Pnma,False,False,False,False,True,False,False,False,False,False,False
mp-1189393,HoScS3,0.0129002495833354,1.7663000000000002,False,Pna2_1,False,False,False,False,True,False,False,False,False,False,False
mp-571458,RbGeI3,0.013385509333331,0.5181,False,Pm-3m,True,True,True,True,True,False,False,False,False,False,False
mp-998710,TlHgF3,0.0145253994999992,1.805,False,P1,False,False,False,False,True,False,False,False,False,False,False
mp-546027,CrBiO3,0.0147050410000026,1.9845999999999997,False,R3c,False,False,False,False,True,False,False,False,False,False,False
mp-755138,NdInO3,0.0147230442500001,2.6533,False,Pnma,False,False,False,False,True,False,False,False,False,False,False
mp-2998,BaTiO3,0.014779579999999,1.6675,False,Pm-3m,False,False,False,False,True,True,True,False,False,False,False
mp-1288734,YCoO3,0.0154647095892865,0.1141,False,P2_1/c,True,True,True,True,True,True,True,True,True,True,True
mp-626218,SbHO3,0.0157999897499871,1.1867,False,Fdd2,False,False,False,False,True,False,False,False,False,False,False
mp-570223,CsGeBr3,0.0168454720000017,0.7484000000000002,False,Pm-3m,False,False,True,True,True,False,False,False,False,False,False
mp-1190244,ErScS3,0.0172591825833308,1.7554999999999996,False,Pna2_1,False,False,False,False,True,False,False,False,False,False,False
mp-3442,CaTiO3,0.017396585500002,2.2417,False,I4/mcm,False,False,False,False,True,False,False,False,False,False,False
mp-1273989,LaCoO3,0.0179204554999996,0.8045999999999998,False,P2_1/c,False,False,True,True,True,True,True,True,True,True,True
mp-19935,ErFeO3,0.0179546204999994,1.5929000000000002,False,Pnma,False,False,False,False,True,False,False,False,False,False,False
mp-8218,PrAlO3,0.0180234129999909,2.8792,False,Pm-3m,False,False,False,False,True,False,False,False,False,False,False
mp-998418,MgAgF3,0.0181428880000016,2.6793,False,R-3c,False,False,False,False,True,False,False,False,False,False,False
mp-752764,LiVF3,0.0185087989999983,2.5687999999999995,False,R3c,False,False,False,False,True,False,False,False,False,False,False
mp-998555,InSnBr3,0.0200280839999988,1.7591923284557722,False,R3c,False,False,False,False,True,False,False,False,False,False,False
mp-998560,InSnCl3,0.0200971269999996,2.0788,False,Cm,False,False,False,False,True,False,False,False,False,False,False
mp-22224,MnSeO3,0.0202544244999876,2.8433,False,Pnma,False,False,False,False,True,False,False,False,False,False,False
mp-1289597,MnBO3,0.0203677105520725,0.1516999999999999,False,C2/c,True,True,True,True,True,False,False,False,False,False,False
mp-1284950,LaNiO3,0.020568577999998,0.3559999999999998,False,P-1,True,True,True,True,True,True,True,True,False,False,True
mp-752446,RbNO3,0.0210339020000001,2.9815,False,R32,False,False,False,False,True,False,False,False,False,False,False
mp-1079935,LiCaH3,0.0214807280000002,2.5159,False,R-3c,False,False,False,False,True,False,False,False,False,False,False
mp-1112643,CsInI3,0.02183132625,0.7619999999999998,False,Fm-3m,False,False,True,True,True,False,False,False,False,False,False
mp-22103,DyMnO3,0.022302571166664,0.9994999999999998,False,Pnma,False,False,False,False,True,False,False,False,False,False,False
mp-691106,MnSnO3,0.0223195970000018,0.2294,False,R3c,True,True,True,True,True,False,False,False,False,False,False
mp-561954,TmCoO3,0.0226815634642871,1.1885999999999997,False,Pnma,False,False,False,False,True,False,False,False,False,False,False
mp-23456,CrBiO3,0.0226827880000008,1.3450000000000006,False,C2/c,False,False,False,False,True,False,False,False,False,False,False
mp-1070375,CsSnCl3,0.0226868215000015,0.9752999999999998,False,Pm-3m,False,False,False,False,True,False,False,False,False,False,False
mp-998156,RbSnCl3,0.0227385199999998,0.9861,False,Cm,False,False,False,False,True,False,False,False,False,False,False
mp-20699,YMnO3,0.0230952568333329,1.5091,False,Pnma,False,False,False,False,True,False,False,False,False,False,False
mp-989601,LaWN3,0.0233291480000055,0.7063999999999995,False,R3m,False,False,True,True,True,False,False,False,False,False,False
mp-20651,TmFeO3,0.0243056352500001,1.6096,False,Pnma,False,False,False,False,True,False,False,False,False,False,False
mp-30528,MnTlCl3,0.0243922364999997,1.2858,False,Pnma,False,False,False,False,True,False,False,False,False,False,False
mp-1203293,NaNbO3,0.0245707684999985,1.7941,False,Pnma,False,False,False,False,True,False,False,False,False,False,False
mp-1196890,ScRhO3,0.0246142638749962,1.1204903046814725,False,P2_1/c,False,False,False,False,True,False,False,False,False,False,False
mp-1194823,NaNbO3,0.0250339659999969,1.7153000000000005,False,Pnma,False,False,False,False,True,False,False,False,False,False,False
mp-1110737,RbInBr3,0.0251928204999982,1.3264041792853,False,Fm-3m,False,False,False,False,True,False,False,False,False,False,False
mp-1105765,NaNbO3,0.025218161999998,1.865,False,Pnma,False,False,False,False,True,False,False,False,False,False,False
mp-998412,KGeBr3,0.0252311680000052,0.9083,False,Cm,False,False,False,False,True,False,False,False,False,False,False
mp-1114101,RbTlBr3,0.0253148957499997,0.9634037051434756,False,Fm-3m,False,False,False,False,True,False,False,False,False,False,False
mp-1195803,NaNbO3,0.0253544346666654,1.6547999999999998,False,Pnma,False,False,False,False,True,False,False,False,False,False,False
mp-1194603,MnBiO3,0.0262128320999979,1.90163571702498,False,P2_1/c,False,False,False,False,True,False,False,False,False,False,False
mp-4748,NaNbO3,0.0267007389999989,1.6833000000000002,False,Cmcm,False,False,False,False,True,False,False,False,False,False,False
mp-566131,KCrF3,0.0268132479999998,1.1574000000000004,False,P4/mmm,False,False,False,False,True,False,False,False,False,False,False
mp-849271,AgIO3,0.0274698735000002,1.9765,False,Pnma,False,False,False,False,True,False,False,False,False,False,False
mp-14254,NdAlO3,0.0274909169999926,2.863600000000001,False,Pm-3m,False,False,False,False,True,False,False,False,False,False,False
mp-4170,NaTaO3,0.0277541294999981,2.2596,False,Pm-3m,False,False,False,False,True,False,False,False,False,False,False
mp-22590,LaFeO3,0.0277720220000148,1.4333999999999998,False,Pnma,False,False,False,False,True,True,True,False,False,False,True
mp-626182,SbHO3,0.0279537947499868,1.0685,False,I4_1/amd,False,False,False,False,True,False,False,False,False,False,False
mp-998153,TlGeBr3,0.0279997379999996,0.7555999999999998,False,Cm,False,False,False,False,True,False,False,False,False,False,False
mp-23477,MnBiO3,0.0281614210999983,1.4751000000000003,False,C2/c,False,False,False,False,True,False,False,False,False,False,False
mp-998231,KGeCl3,0.0282228930000036,1.4859,False,Cm,False,False,False,False,True,False,False,False,False,False,False
mp-1383356,BaHfS3,0.0282627044999985,0.7077999999999998,False,Pm-3m,False,False,True,True,True,False,False,False,False,False,False
mp-998352,BaHfS3,0.0283550604999991,0.8438999999999997,False,R3m,False,False,True,True,True,False,False,False,False,False,False
mp-1198142,NaNbO3,0.0283619004999966,1.7341,False,Pmmn,False,False,False,False,True,False,False,False,False,False,False
mp-22081,HoMnO3,0.0288150980000008,1.9915000000000005,False,Pnma,False,False,False,False,True,False,False,False,False,False,False
mp-556892,InBiO3,0.0289430770000009,2.7352000000000007,False,Pna2_1,False,False,False,False,True,False,False,False,False,False,False
mp-22616,CoSeO3,0.029257131125,1.852,False,Pnma,False,False,False,False,True,False,False,False,False,False,False
mp-570290,MnTlCl3,0.0293077779999997,1.1477,False,Pm-3m,False,False,False,False,True,False,False,False,False,False,False
mp-989552,LaMoN3,0.0293490240000071,1.1509,False,R3c,False,False,False,False,True,False,False,False,False,False,False
mp-1977728,NaNbO3,0.0294082129999981,1.6644,False,Imma,False,False,False,False,True,False,False,False,False,False,False
mp-1189194,NaNbO3,0.029542810499997,1.6606999999999998,False,Pnma,False,False,False,False,True,False,False,False,False,False,False
mp-1379411,YMoO3,0.0295691505937529,2.2163160966916937,False,Pnma,False,False,False,False,True,False,False,False,False,False,False
mp-776108,LiNbO3,0.0298365945000043,2.7432,False,Pbcm,False,False,False,False,True,False,False,False,False,False,False
mp-998398,InSnBr3,0.0303007139999991,1.0975,False,P1,False,False,False,False,True,False,False,False,False,False,False
mp-849371,CdSnO3,0.0303832525000018,0.6937000000000002,False,Pnma,False,False,False,False,True,False,False,False,False,False,False
mp-752437,SmInO3,0.0303930866249988,2.6396999999999995,False,Pnma,False,False,False,False,True,False,False,False,False,False,False
mp-1272753,LaCoO3,0.0304298195000001,0.6738999999999997,False,P1,False,False,True,True,True,True,True,True,True,True,True
mp-1113994,RbTlCl3,0.0306932017291674,1.1539100733397554,False,Fm-3m,False,False,False,False,True,False,False,False,False,False,False
mp-4419,NaNbO3,0.030859024999998,1.5628,False,P4/mbm,False,False,False,False,True,False,False,False,False,False,False
mp-775761,AgClO3,0.0315841524999971,2.925,False,P2_13,False,False,False,False,True,False,False,False,False,False,False
mp-9890,TaAgO3,0.0315954175000001,1.9158,False,R-3c,False,False,False,False,True,False,False,False,False,False,False
mp-19270,TiFeO3,0.0317737499999992,2.5309,False,R3c,False,False,False,False,True,False,False,False,False,False,False
mp-756205,ScBiO3,0.0321571613750002,2.7215,False,Pnma,False,False,False,False,True,False,False,False,False,False,False
mp-25096,NiBiO3,0.0322425907500036,0.3548,False,P2_1/m,True,True,True,True,True,False,False,False,False,False,False
mp-1278986,MnBO3,0.0323374645520715,0.5985999999999998,False,P-1,True,True,True,True,True,False,False,False,False,False,False
mp-1422819,MnInF3,0.0323525176111134,2.4617000000000004,False,Pm-3m,False,False,False,False,True,False,False,False,False,False,False
mp-998241,MnInF3,0.0323595836111119,2.4765,False,P1,False,False,False,False,True,False,False,False,False,False,False
mp-570231,CsCdBr3,0.0326752270000021,0.6965999999999999,False,Pm-3m,False,False,False,False,True,False,False,False,False,False,False
mp-1199593,NaNbO3,0.0327036768749984,1.6316000000000002,False,Pmmn,False,False,False,False,True,False,False,False,False,False,False
mp-998744,TlGeCl3,0.0327651060000011,1.3779,False,Cm,False,False,False,False,True,False,False,False,False,False,False
mp-552588,LiNbO3,0.0330080320000032,2.281952667388917,False,R-3c,False,False,False,False,True,False,False,False,False,False,False
mp-998358,MgAgF3,0.0331789360000014,2.1127,False,Pm-3m,False,False,False,False,True,False,False,False,False,False,False
mp-22949,FeBiO3,0.0335794110000016,1.8064,False,R3m,False,False,False,False,True,True,True,False,True,True,True
mp-33932,NbHO3,0.0336375535357174,2.6276,False,P1,False,False,False,False,True,False,False,False,False,False,False
mp-555313,ScBiO3,0.0337337538750013,2.6897,False,Cc,False,False,False,False,True,False,False,False,False,False,False
mp-19319,ErMnO3,0.0344051806666669,1.0455,False,Pnma,False,False,False,False,True,False,False,False,False,False,False
mp-555769,ScBiO3,0.0344824253750006,2.6784,False,C2/c,False,False,False,False,True,False,False,False,False,False,False
mp-19201,CaMnO3,0.0350749438333366,0.4685999999999999,False,Pnma,True,True,True,True,True,True,True,True,True,True,False
mp-1178214,FeSnO3,0.0351845345000008,0.989703830709586,False,Pnma,False,False,False,False,True,False,False,False,False,False,False
mp-752911,LiVF3,0.0357912984999995,2.426,False,Pnma,False,False,False,False,True,False,False,False,False,False,False
mp-770830,HoBiO3,0.0358601403750018,2.7472,False,Pnma,False,False,False,False,True,False,False,False,False,False,False
mp-22588,LuFeO3,0.0360391231249987,1.6083000000000005,False,Pnma,False,False,False,False,True,False,False,False,False,False,False
mp-19376,TiMnO3,0.0363191124999993,1.7771999999999997,False,R3c,False,False,False,False,True,False,False,False,False,False,False
mp-7781,CaZrS3,0.0365724824999942,1.1878000000000002,False,Pnma,False,False,False,False,True,False,False,False,False,False,False
mp-18961,ScCrO3,0.0368469178749997,2.3991,False,Pnma,False,False,False,False,True,False,False,False,False,False,False
mp-1190098,CaHfS3,0.037140437999998,1.5238,False,Pnma,False,False,False,False,True,False,False,False,False,False,False
mp-777551,LiVF3,0.0371581029999985,2.6788,False,P2_13,False,False,False,False,True,False,False,False,False,False,False
mp-1206801,RbEuCl3,0.0383723899999992,0.4541999999999997,False,Pm-3m,True,True,True,True,True,False,False,False,False,False,False
mp-5052,TiCdO3,0.0387445740000007,2.4156,False,Pna2_1,False,False,False,False,True,False,False,False,False,False,False
mp-559354,NaNbO3,0.0391677254999986,1.8833,False,Cmcm,False,False,False,False,True,False,False,False,False,False,False
mp-20940,TiCdO3,0.0395681674999996,2.4636,False,Pmc2_1,False,False,False,False,True,False,False,False,False,False,False
mp-765457,LiMnF3,0.0397923609999999,2.9514,False,Pnma,False,False,False,False,True,False,False,False,False,False,False
mp-1105306,TlCrO3,0.039864296500002,0.4300999999999995,False,Pnma,False,False,False,False,True,False,False,False,False,False,False
mp-561102,InBiO3,0.0399234685000013,2.388399999999999,False,Pnma,False,False,False,False,True,False,False,False,False,False,False
mp-5663,BaCeO3,0.0403338960000017,2.2990000000000004,False,Pm-3m,False,False,False,False,True,True,False,False,True,False,True
mp-1203220,InRhO3,0.0406221204999948,1.039908569021823,False,P2_1/c,False,False,False,False,True,False,False,False,False,False,False
mp-554270,TmMnO3,0.0410788485000015,2.0076,False,Pnma,False,False,False,False,True,False,False,False,False,False,False
mp-13334,ZnSnO3,0.041423655,1.0809999999999995,False,R3c,False,False,False,False,True,False,False,False,False,False,False
mp-1106224,MnVO3,0.0417526665000043,0.3157000000000005,False,Pnma,True,True,True,True,True,False,False,False,False,False,False
mp-1199037,NaNbO3,0.0424806867499985,1.7575,False,P222_1,False,False,False,False,True,False,False,False,False,False,False
mp-14550,TiCdO3,0.0425426290000006,2.1213,False,Pnma,False,False,False,False,True,False,False,False,False,False,False
mp-754513,ZrMnO3,0.0428264210000044,2.6175,False,R3c,False,False,False,False,True,False,False,False,False,False,False
mp-3136,NaNbO3,0.0443390239999974,1.5312,False,Pm-3m,False,False,False,False,True,False,False,False,False,False,False
mp-998157,RbSnBr3,0.0446438260000023,0.6010000000000002,False,P1,False,False,True,True,True,False,False,False,False,False,False
mp-16293,KSbO3,0.0447229700000013,1.1212999999999995,False,Fd-3m,False,False,False,False,True,False,False,False,False,False,False
mp-1187189,TaAgO3,0.0450003925000004,1.7306000000000004,False,Pm-3m,False,False,False,False,True,False,False,False,False,False,False
mp-626528,NbHO3,0.0450807430357169,2.5171,False,P1,False,False,False,False,True,False,False,False,False,False,False
mp-989576,YWN3,0.0459397585000047,1.5404,False,R3c,False,False,False,False,True,False,False,False,False,False,False
mp-1209810,NiTeO3,0.0463462223333346,2.5735,False,Pnma,False,False,False,False,True,False,False,False,False,False,False
mp-505819,TlFeO3,0.0472809699999992,0.7036999999999995,False,Pnma,False,False,False,False,True,False,False,False,False,False,False
mp-1185232,LaCoO3,0.0474867225000004,0.973,False,Pnma,False,False,False,False,True,True,True,True,True,True,True
mp-546973,SrSnO3,0.0477347734999993,0.9749,False,Pm-3m,False,False,False,False,True,True,True,False,True,True,False
mp-756546,ScVO3,0.0493919894999983,1.5053,False,Pnma,False,False,False,False,True,False,False,False,False,False,False
mp-1105811,ScMnO3,0.0499739205624987,1.7893999999999997,False,P2_1/c,False,False,False,False,True,False,False,False,False,False,False
mp-21125,LuMnO3,0.0503064981666696,0.4485081876543422,False,Pnma,False,True,False,True,True,False,False,False,False,False,False
mp-1188449,ScRhO3,0.0511400981249963,1.0496999999999996,False,Pnma,False,False,False,False,True,False,False,False,False,False,False
mp-756147,CrInO3,0.0512829044999998,1.4521000000000006,False,Pnma,False,False,False,False,True,False,False,False,False,False,False
mp-1212778,GdInO3,0.052235792166666,2.5270116208736253,False,Pnma,False,False,False,False,True,False,False,False,False,False,False
mp-755018,RbTaO3,0.0525669795000158,2.5106,False,R3m,False,False,False,False,True,False,False,False,False,False,False
mp-551918,AlBiO3,0.0533350642499836,2.8716,False,R3c,False,False,False,False,True,False,False,False,False,False,False
mp-14099,ZnAgF3,0.0535718940000014,1.5852,False,Pm-3m,False,False,False,False,True,False,False,False,False,False,False
mp-1342410,CaWO3,0.0536462823333376,1.9784000000000008,False,Pnma,False,False,False,False,True,False,False,False,False,False,False
mp-1112170,KInCl3,0.0538268714666649,1.597115636649624,False,Fm-3m,False,False,False,False,True,False,False,False,False,False,False
mp-1111295,KTlF3,0.0542841867083332,1.9647115283785197,False,Fm-3m,False,False,False,False,True,False,False,False,False,False,False
mp-20011,NaSbO3,0.0551372470000011,1.4696000000000002,False,Fd-3m,False,False,False,False,True,False,False,False,False,False,False
mp-1504268,LaCoO3,0.0551452460000003,0.9444999999999996,False,Imma,False,False,False,False,True,True,True,True,True,True,True
mp-1078470,TiZnO3,0.055374115500002,2.828,False,R3c,False,False,False,False,True,False,False,False,False,False,False
mp-769263,TbInO3,0.0560910488750003,2.5935,False,Pnma,False,False,False,False,True,False,False,False,False,False,False
mp-1114161,RbInI3,0.0563835451666636,0.7159,False,Fm-3m,False,False,False,True,True,False,False,False,False,False,False
mp-1193035,FeBiO3,0.0564112610000018,1.6586,False,C2/m,False,False,False,False,True,True,True,False,True,True,True
mp-1076534,RbTaO3,0.0566622735000148,2.0076,False,Pm-3m,False,False,False,False,True,False,False,False,False,False,False
mp-1213810,CeLuO3,0.0570241827499984,0.1122000000000005,False,Pnma,False,True,False,True,True,False,False,False,False,False,False
mp-2762335,InSnBr3,0.0586802459999979,1.7073,False,Cm,False,False,False,False,True,False,False,False,False,False,False
mp-1111296,KTlCl3,0.0590743205000001,1.097012712683471,False,Fm-3m,False,False,False,False,True,False,False,False,False,False,False
mp-756365,CaCeO3,0.0590747670000126,2.3372999999999995,False,Pnma,False,False,False,False,True,False,False,False,False,False,False
mp-776165,AgAuO3,0.0594244018333327,0.2423000000000001,False,Fd-3m,False,True,False,True,True,False,False,False,False,False,False
mp-5537,NbAgO3,0.0594938496730765,1.7871,False,Pbcm,False,False,False,False,True,False,False,False,False,False,False
mp-556925,TiMnO3,0.0599898020000004,1.5349000000000004,False,Pnma,False,False,False,False,True,False,False,False,False,False,False
mp-1112542,CsTlI3,0.0602546797499998,0.4982999999999999,False,Fm-3m,False,False,False,False,True,False,False,False,False,False,False
mp-1203481,NbAgO3,0.0605651891730776,1.7362135447607383,False,Pmc2_1,False,False,False,False,True,False,False,False,False,False,False
mp-573119,BiRhO3,0.0619841773750007,0.3772999999999999,False,Pnma,False,True,False,True,True,False,False,False,False,False,False
mp-753856,HfFeO3,0.0626525855000021,2.9099000000000004,False,Pnma,False,False,False,False,True,False,False,False,False,False,False
mp-1178360,DyInO3,0.0640329069999996,2.623,False,Pnma,False,False,False,False,True,False,False,False,False,False,False
mp-5827,CaTiO3,0.0644675975000002,1.8272,False,Pm-3m,False,False,False,False,True,False,False,False,False,False,False
mp-20772,CaCrO3,0.0651140580000015,0.3943000000000003,False,Pnma,False,True,False,True,True,False,False,False,False,False,False
mp-1643785,ScCoO3,0.0691988195892872,0.8961999999999994,False,P2_1/c,False,False,False,True,True,False,False,False,False,False,False
mp-756909,TlGaO3,0.0695921199999984,0.2334000000000005,False,Pnma,False,False,False,False,True,False,False,False,False,False,False
mp-22649,VCdO3,0.0701796605000009,0.4319000000000002,False,Pnma,False,False,False,False,True,False,False,False,False,False,False
mp-778509,LiVF3,0.0711593504999994,2.6116,False,P2_13,False,False,False,False,True,False,False,False,False,False,False
mp-776984,HoInO3,0.0717123543750002,2.5765,False,Pnma,False,False,False,False,True,False,False,False,False,False,False
mp-20073,TiFeO3,0.0718263530000005,1.4865000000000004,False,Pnma,False,False,False,False,True,False,False,False,False,False,False
mp-1205362,NbAgO3,0.0718574189230762,0.9892,False,Cmcm,False,False,False,False,True,False,False,False,False,False,False
mp-769348,MgSnO3,0.0730104979999959,2.0089999999999995,False,Pnma,False,False,False,False,True,False,False,False,False,False,False
mp-754787,SmTlO3,0.0731567521249978,0.8895,False,Pnma,False,False,False,False,True,False,False,False,False,False,False
mp-1105819,InRhO3,0.0739175047499953,0.3223000000000002,False,Pnma,False,True,False,True,True,False,False,False,False,False,False
mp-1220387,NbAgO3,0.074483993923077,1.0242999999999998,False,P4/mbm,False,False,False,False,True,False,False,False,False,False,False
mp-1112296,KInF3,0.0751867520079416,2.2085,False,Fm-3m,False,False,False,False,True,False,False,False,False,False,False
mp-768539,AlTlO3,0.0753195514999998,0.7376999999999994,False,Pnma,False,False,False,False,True,False,False,False,False,False,False
mp-1178989,TlNiO3,0.0754351371666661,0.1478000000000001,False,P2_1/c,False,False,False,False,True,False,False,False,False,False,False
mp-752613,CoSnO3,0.0762659565000021,0.9832,False,Pnma,False,False,False,False,True,False,False,False,False,False,False
mp-573180,LaCoO3,0.0765487460000002,0.6210999999999993,False,Pm-3m,False,False,False,True,True,True,True,True,True,True,True
mp-1112169,KInI3,0.0766823449999996,0.6694999999999998,False,Fm-3m,False,False,False,True,True,False,False,False,False,False,False
mp-770581,MgMnO3,0.0767369350000004,0.536,False,Pnma,False,True,False,True,True,False,False,False,False,False,False
mp-760151,LiAgF3,0.0769721754999999,0.1695999999999999,False,P6_122,False,True,False,True,True,False,False,False,False,False,False
mp-33753,TaHO3,0.0770895237500024,2.7443,False,I4_1/amd,False,False,False,False,True,False,False,False,False,False,False
mp-1111155,KTlBr3,0.0772356732500005,0.9246039538087512,False,Fm-3m,False,False,False,False,True,False,False,False,False,False,False
mp-998350,BaZrSe3,0.0775039104999999,0.2023999999999999,False,P1,False,True,False,True,True,False,False,False,False,False,False
mp-20031,NdCoO3,0.0781587439998885,0.791412993383716,False,Pm-3m,False,False,False,True,True,True,True,True,False,False,False
mp-756665,ZrCoO3,0.0785098070000032,1.7275,False,Pnma,False,False,False,False,True,False,False,False,False,False,False
mp-752429,ScTlO3,0.0787690023749974,0.9279999999999996,False,Pnma,False,False,False,False,True,False,False,False,False,False,False
mp-754208,ErInO3,0.0797644929999998,2.5532,False,Pnma,False,False,False,False,True,False,False,False,False,False,False
mp-756062,CeFeO3,0.0797908600000028,0.6735999999999995,False,Pnma,False,False,False,True,True,False,False,False,False,False,False
mp-776154,AlFeO3,0.0803160834999996,2.1089,False,Pnma,False,False,False,False,True,False,False,False,False,False,False
mp-1378105,ZnBiO3,0.0806278960000002,0.8814050363816994,False,P2_1/c,False,False,False,True,True,False,False,False,False,False,False
mp-1326513,MgWO3,0.0817830849999978,2.4380000000000006,False,Pnma,False,False,False,False,True,False,False,False,False,False,False
mp-1188346,CoBiO3,0.0822287949999989,0.3878000000000003,False,Pnma,False,True,False,True,True,False,False,False,False,False,False
mp-1075911,RbNbO3,0.082736542000001,1.3578,False,Pm-3m,False,False,False,False,True,False,False,False,False,False,False
mp-1337169,ZnSnO3,0.0828422335,1.1063178585305646,False,Pnma,False,False,False,False,True,False,False,False,False,False,False
mp-1345923,MgTiO3,0.0829077269999984,2.3299,False,Pnma,False,False,False,False,True,False,False,False,False,False,False
mp-754597,LuTlO3,0.0837613916249973,0.6919000000000004,False,Pnma,False,False,False,False,True,False,False,False,False,False,False
mp-769734,ScFeO3,0.0839461803749976,1.5712000000000002,False,Pnma,False,False,False,False,True,False,False,False,False,False,False
mp-1178354,EuZrO3,0.0843929492500112,0.4662999999999995,False,P2_13,False,True,False,True,True,False,False,False,False,False,False
mp-1178268,GdAlO3,0.0851176094000027,1.8885,False,Pm-3m,False,False,False,False,True,False,False,False,False,False,False
mp-1101263,TmInO3,0.0863472772499998,2.5259,False,Pnma,False,False,False,False,True,False,False,False,False,False,False
mp-756082,AlVO3,0.0864430801249973,2.1442,False,Pnma,False,False,False,False,True,False,False,False,False,False,False
mp-754818,NaTaO3,0.0867578065000014,2.7139,False,Fd-3m,False,False,False,False,True,False,False,False,False,False,False
mp-1101279,TmTlO3,0.0884914422499987,0.7359999999999998,False,Pnma,False,False,False,False,True,False,False,False,False,False,False
mp-754345,LiTaO3,0.0886449690000059,2.3884,False,P4/mbm,False,False,False,False,True,False,False,False,False,False,False
mp-752636,LiSbO3,0.088810487499999,1.1944999999999997,False,P2_13,False,False,False,False,True,False,False,False,False,False,False
mp-1340971,ZnWO3,0.0889550014999995,1.8923,False,Pnma,False,False,False,False,True,False,False,False,False,False,False
mp-977408,NbTlO3,0.0906740972499937,0.1116000000000001,False,Pm-3m,False,False,False,False,True,False,False,False,False,False,False
mp-764783,LiMnF3,0.0907112249999997,2.712,False,Pnma,False,False,False,False,True,False,False,False,False,False,False
mp-1114149,RbTlI3,0.0912211314999997,0.4939,False,Fm-3m,False,False,False,False,True,False,False,False,False,False,False
mp-20572,NaVF3,0.0913499079999997,0.6978,False,Pm-3m,False,False,False,True,True,False,False,False,False,False,False
mp-18841,LaCrO3,0.0914568244999998,2.1156999999999995,False,Pm-3m,False,False,False,False,True,False,False,False,False,False,False
mp-22212,NaSbO3,0.0918956150000003,1.2824000000000004,False,Pnma,False,False,False,False,True,False,False,False,False,False,False
mp-12725,NbAgO3,0.0919056189230769,1.3336,False,Pm-3m,False,False,False,False,True,False,False,False,False,False,False
mp-755580,VGaO3,0.0920560701249986,1.4157000000000002,False,Pnma,False,False,False,False,True,False,False,False,False,False,False
mp-1370061,MgVO3,0.0928165374999991,0.6976000000000004,False,Pnma,False,False,False,True,True,False,False,False,False,False,False
mp-771055,EuZrO3,0.0933191865000111,0.3877000000000006,False,Pm-3m,False,True,False,True,True,False,False,False,False,False,False
mp-756821,LiAgF3,0.0935238429999998,0.1235999999999999,False,P2_1/c,False,True,False,True,True,False,False,False,False,False,False
mp-760095,LiMnF3,0.0939407181666664,2.4534,False,P-3,False,False,False,False,True,False,False,False,False,False,False
mp-753534,HfCoO3,0.0948615120000031,2.4865,False,Pnma,False,False,False,False,True,False,False,False,False,False,False
mp-776207,CeNiO3,0.0952567235000039,0.9323000000000006,False,Pnma,False,False,False,False,True,False,False,False,False,False,False
mp-753790,HfFeO3,0.0961925840000041,2.1447000000000003,False,Pnma,False,False,False,False,True,False,False,False,False,False,False
mp-1178219,HfNiO3,0.0968432885000023,2.7983,False,P2_1/c,False,False,False,False,True,False,False,False,False,False,False
mp-1110931,KInBr3,0.0977900804999989,0.8797156481034303,False,Fm-3m,False,False,False,True,True,False,False,False,False,False,False
mp-772528,MnZnO3,0.098382452,0.1149,False,Pnma,False,True,False,True,True,False,False,False,False,False,False
