material_id,formula,ehull,gap,is_stable,spg_symbol,spg_number,x_site,b_site,dimensionality
mp-1288734,YCoO3,0.015464709589286585,0.11410000000000009,False,P2_1/c,14,O,Co,3.0
mp-1190059,EuHfS3,0.0,0.12870000000000026,True,Pnma,62,S,Hf,3.0
mp-1189927,EuZrS3,0.0,0.14529999999999976,True,Pnma,62,S,Zr,3.0
mp-1289597,MnBO3,0.020367710552072538,0.15169999999999995,False,C2/c,15,O,Mn,3.0
mp-1180782,KCrF3,0.0020262390000009844,0.15739999999999998,False,Ibam,72,F,Cr,3.0
mp-691106,MnSnO3,0.022319597000001856,0.22940000000000005,False,R3c,161,O,Mn,3.0
mp-19063,ErCrO3,0.0,0.2483000000000004,True,Pnma,62,O,Cr,3.0
mp-1435359,CaVO3,0.008814690910707412,0.26060000000000016,False,P2_1/c,14,O,V,3.0
mp-2767717,LuVO3,0.0,0.2610999999999999,True,P2_1/c,14,O,V,3.0
mp-1288145,LaCoO3,0.0,0.2793000000000001,True,R-3,148,O,Co,3.0
mp-5168,AlSiP3,0.007223912499998875,0.28859999999999975,False,Pnma,62,P,Al,3.0
mp-1273178,YCoO3,0.011655866589286745,0.3085,False,P-1,2,O,Co,3.0
mp-29164,SrBiO3,0.0,0.3106,True,P2_1/c,14,O,Bi,3.0
mp-1106224,MnVO3,0.04175266650000431,0.31570000000000054,False,Pnma,62,O,V,3.0
mp-25096,NiBiO3,0.032242590750003686,0.3548,False,P2_1/m,11,O,Ni,3.0
mp-1284950,LaNiO3,0.020568577999998006,0.35599999999999987,False,P-1,2,O,Ni,3.0
mp-1189736,ErNiO3,0.0015767070000007877,0.37260000000000026,False,P2_1/c,14,O,Ni,3.0
mp-3163,BaSnO3,0.0,0.3730000000000002,True,Pm-3m,221,O,Sn,3.0
mp-22608,CaVO3,0.001156626410708128,0.43389999999999995,False,Pnma,62,O,V,3.0
mp-614013,CsSnI3,0.0,0.44999999999999973,True,Pm-3m,221,I,Sn,3.0
mp-1206801,RbEuCl3,0.03837238999999926,0.4541999999999997,False,Pm-3m,221,Cl,Eu,3.0
mp-19201,CaMnO3,0.03507494383333665,0.4685999999999999,False,Pnma,62,O,Mn,3.0
mp-29799,KBiO3,0.0,0.49140000000000006,True,Pn-3,201,O,K,3.0
mp-1106293,EuZrO3,0.0,0.5096999999999996,True,Pnma,62,O,Zr,3.0
mp-571458,RbGeI3,0.013385509333331047,0.5181,False,Pm-3m,221,I,Ge,3.0
mp-616378,CsSnI3,0.011843993999997693,0.5435000000000003,False,P4/mbm,127,I,Sn,3.0
mp-5163,LaRhO3,0.0,0.5951000000000004,True,Pnma,62,O,Rh,3.0
mp-753781,EuHfO3,0.0,0.5973000000000006,True,Pm-3m,221,O,Hf,3.0
mp-27214,CsSnBr3,0.011195139500002504,0.5984,False,Pm-3m,221,Br,Sn,3.0
mp-1278986,MnBO3,0.03233746455207154,0.5985999999999998,False,P-1,2,O,Mn,3.0
