plan,plan_name,component,priced_on,gpu_xgboost_hours,cpu_xgboost_hours,cpu_ridge_hours
i,all_gpu_sequential,tuning_once,gpu,10.157404247079013,0.0,1.7052923983378854
i,all_gpu_sequential,C0,gpu,12.247699531113653,0.0,0.6510383146086888
i,all_gpu_sequential,C1,gpu,0.7983000444478876,0.0,0.04200609245277246
i,all_gpu_sequential,C2,gpu,11.974500666718312,0.0,0.6300913867915867
i,all_gpu_sequential,C3,gpu,17.907858048724595,0.0,0.9409954180344744
i,all_gpu_sequential,specialist,gpu,25.26162479379935,0.0,1.022267764436598
i,all_gpu_sequential,TOTAL,,78.3473873318828,0.0,4.991691374662006
ii,gpu_best_measured_concurrency,tuning_once,gpu,10.157404247079013,0.0,1.7052923983378854
ii,gpu_best_measured_concurrency,C0,gpu,12.247699531113653,0.0,0.6510383146086888
ii,gpu_best_measured_concurrency,C1,gpu,0.7983000444478876,0.0,0.04200609245277246
ii,gpu_best_measured_concurrency,C2,gpu,11.974500666718312,0.0,0.6300913867915867
ii,gpu_best_measured_concurrency,C3,gpu,17.907858048724595,0.0,0.9409954180344744
ii,gpu_best_measured_concurrency,specialist,gpu,25.26162479379935,0.0,1.022267764436598
ii,gpu_best_measured_concurrency,TOTAL,,78.3473873318828,0.0,4.991691374662006
iii,specialists_on_cpu,tuning_once,gpu,10.157404247079013,0.0,1.7052923983378854
iii,specialists_on_cpu,C0,gpu,12.247699531113653,0.0,0.6510383146086888
iii,specialists_on_cpu,C1,gpu,0.7983000444478876,0.0,0.04200609245277246
iii,specialists_on_cpu,C2,gpu,11.974500666718312,0.0,0.6300913867915867
iii,specialists_on_cpu,C3,gpu,17.907858048724595,0.0,0.9409954180344744
iii,specialists_on_cpu,specialist,cpu,0.0,75.64874436601932,1.022267764436598
iii,specialists_on_cpu,TOTAL,,53.08576253808346,75.64874436601932,4.991691374662006
